URL,companysector,companyname,companycode,nsesymbol,bsesymbol
https://www.moneycontrol.com/india/stockpricequote/constructioncontractingcivil/ccconstructions/CCC01,constructioncontractingcivil,ccconstructions,CCC01,CANDC,532813
https://www.moneycontrol.com/india/stockpricequote/diamondcuttingjewellerypreciousmetals/cmahendraexports/ME05,diamondcuttingjewellerypreciousmetals,cmahendraexports,ME05,CMAHENDRA,533304
https://www.moneycontrol.com/india/stockpricequote/miscellaneous/coxkingsfinancialservice/CKFSL54264,miscellaneous,coxkingsfinancialservice,CKFSL54264,CKFSL,542641
https://www.moneycontrol.com/india/stockpricequote/software/ceinfosystemsmapmyindia/CIS02,software,ceinfosystemsmapmyindia,CIS02,MAPMYINDIA,543425
https://www.moneycontrol.com/india/stockpricequote/cablespowerothers/cablecorporationindia/CCI04,cablespowerothers,cablecorporationindia,CCI04,CCI,500077
https://www.moneycontrol.com/india/stockpricequote/computerssoftwaremediumsmall/cadsysindia/CI51,computerssoftwaremediumsmall,cadsysindia,CI51,CADSYS,
https://www.moneycontrol.com/india/stockpricequote/oildrillingandexploration/cairnindia/CI37,oildrillingandexploration,cairnindia,CI37,CAIRN,532792
https://www.moneycontrol.com/india/stockpricequote/consumergoodselectronic/calcomvision/CV,consumergoodselectronic,calcomvision,CV,,517236
https://www.moneycontrol.com/india/stockpricequote/computerssoftwaremediumsmall/californiasoftware/CS15,computerssoftwaremediumsmall,californiasoftware,CS15,CALSOFT,532386
https://www.moneycontrol.com/india/stockpricequote/refineries/calsrefineries/CR03,refineries,calsrefineries,CR03,,526652
https://www.moneycontrol.com/india/stockpricequote/computerssoftwaremediumsmall/cambridgetechnologyenterprises/CTE,computerssoftwaremediumsmall,cambridgetechnologyenterprises,CTE,CTE,532801
https://www.moneycontrol.com/india/stockpricequote/dyespigments/camex/C96,dyespigments,camex,C96,,524440
https://www.moneycontrol.com/india/stockpricequote/chemicals/camlinfinesciences/CFC03,chemicals,camlinfinesciences,CFC03,CAMLINFINE,532834
https://www.moneycontrol.com/india/stockpricequote/footwear/campusactivewear/CA07,footwear,campusactivewear,CA07,CAMPUS,543523
https://www.moneycontrol.com/india/stockpricequote/cams/computeragemanagementservices/CAM,cams,computeragemanagementservices,CAM,CAMS,543232
https://www.moneycontrol.com/india/stockpricequote/pesticidesagrochemicals/camsonbiotechnologies/CBT,pesticidesagrochemicals,camsonbiotechnologies,CBT,,538858
https://www.moneycontrol.com/india/stockpricequote/miscellaneous/camsonseeds/CS22,miscellaneous,camsonseeds,CS22,,540071
https://www.moneycontrol.com/india/stockpricequote/financehousing/canfinhomes/CFH,financehousing,canfinhomes,CFH,CANFINHOME,511196
https://www.moneycontrol.com/india/stockpricequote/bankspublicsector/canarabank/CB06,bankspublicsector,canarabank,CB06,CANBK,532483
https://www.moneycontrol.com/india/stockpricequote/canararobeco/canararobecogoldexchangetradedfund/CRG,canararobeco,canararobecogoldexchangetradedfund,CRG,CRMFGETF,534631
https://www.moneycontrol.com/india/stockpricequote/candourtechtex/candourtechtex/CT09,candourtechtex,candourtechtex,CT09,,522292
https://www.moneycontrol.com/india/stockpricequote/financeinvestments/canopyfinance/KUV,financeinvestments,canopyfinance,KUV,,539304
https://www.moneycontrol.com/india/stockpricequote/retail/cantabilretailindia/CRI01,retail,cantabilretailindia,CRI01,CANTABIL,533267
https://www.moneycontrol.com/india/stockpricequote/capaciteinfra/capaciteinfraprojects/CI19,capaciteinfra,capaciteinfraprojects,CI19,CAPACITE,540710
https://www.moneycontrol.com/india/stockpricequote/financeinvestments/capfinindia/CI49,financeinvestments,capfinindia,CI49,,539198
https://www.moneycontrol.com/india/stockpricequote/financegeneral/capitalfirst/FCH,financegeneral,capitalfirst,FCH,CAPF,532938
https://www.moneycontrol.com/india/stockpricequote/financeinvestments/capitalindiafinance/BTF04,financeinvestments,capitalindiafinance,BTF04,,530879
https://www.moneycontrol.com/india/stockpricequote/financegeneral/capitaltradelinks/CTL02,financegeneral,capitaltradelinks,CTL02,,538476
https://www.moneycontrol.com/india/stockpricequote/financeleasinghirepurchase/capitaltrust/CT,financeleasinghirepurchase,capitaltrust,CT,CAPTRUST,511505
https://www.moneycontrol.com/india/stockpricequote/pharmaceuticals/caplinpointlaboratories/CPL,pharmaceuticals,caplinpointlaboratories,CPL,CAPLIPOINT,524742
https://www.moneycontrol.com/india/stockpricequote/financeleasinghirepurchase/capmanfinancials/CF,financeleasinghirepurchase,capmanfinancials,CF,,511720
https://www.moneycontrol.com/india/stockpricequote/financegeneral/capriglobalcapital/MMF05,financegeneral,capriglobalcapital,MMF05,CGCL,531595
https://www.moneycontrol.com/india/stockpricequote/computerssoftwaremediumsmall/capricornsystemsglobalsolutions/CSG,computerssoftwaremediumsmall,capricornsystemsglobalsolutions,CSG,,512169
https://www.moneycontrol.com/india/stockpricequote/plastics/caprihansindia/CI25,plastics,caprihansindia,CI25,CAPRIHANS,509486
https://www.moneycontrol.com/india/stockpricequote/chemicals/caprolactumchemicals/CC26,chemicals,caprolactumchemicals,CC26,,507486
https://www.moneycontrol.com/india/stockpricequote/plastics/captainpipes/CP12,plastics,captainpipes,CP12,,538817
https://www.moneycontrol.com/india/stockpricequote/plastics/captainpolyplast/CP09,plastics,captainpolyplast,CP09,,536974
https://www.moneycontrol.com/india/stockpricequote/miscellaneous/captaintechnocast/CT11,miscellaneous,captaintechnocast,CT11,,540652
https://www.moneycontrol.com/india/stockpricequote/abrasives/carborundumuniversal/CU,abrasives,carborundumuniversal,CU,CARBORUNIV,513375
https://www.moneycontrol.com/india/stockpricequote/miscellaneous/careratings/CAR,miscellaneous,careratings,CAR,CARERATING,534804
https://www.moneycontrol.com/india/stockpricequote/computerssoftwaretraining/careerpoint/CPI05,computerssoftwaretraining,careerpoint,CPI05,CAREERP,533260
https://www.moneycontrol.com/india/stockpricequote/miscellaneous/cargosollogistics/CL10,miscellaneous,cargosollogistics,CL10,,543621
https://www.moneycontrol.com/india/stockpricequote/miscellaneous/cargotransmaritime/CM,miscellaneous,cargotransmaritime,CM,,543618
https://www.moneycontrol.com/india/stockpricequote/castingsforgings/carnationindustries/CI03,castingsforgings,carnationindustries,CI03,,530609
https://www.moneycontrol.com/india/stockpricequote/automobiledealersdistributors/cartradetech/CT12,automobiledealersdistributors,cartradetech,CT12,CARTRADE,543333
https://www.moneycontrol.com/india/stockpricequote/carysil/carysil/AI04,carysil,carysil,AI04,CARYSIL,524091
https://www.moneycontrol.com/india/stockpricequote/caspian/caspiancorporateservices/ICA,caspian,caspiancorporateservices,ICA,,534732
https://www.moneycontrol.com/india/stockpricequote/autoancillaries/castextechnologies/AI49,autoancillaries,castextechnologies,AI49,CASTEXTECH,532282
https://www.moneycontrol.com/india/stockpricequote/lubricants/castrolindia/CI01,lubricants,castrolindia,CI01,CASTROLIND,500870
https://www.moneycontrol.com/india/stockpricequote/computerssoftwaremediumsmall/cattechnologies/CT07,computerssoftwaremediumsmall,cattechnologies,CT07,,531682
https://www.moneycontrol.com/india/stockpricequote/trading/catvision/CP01,trading,catvision,CP01,,531158
https://www.moneycontrol.com/india/stockpricequote/cbpl/chandrabhagatpharmalimited/CBPL54293,cbpl,chandrabhagatpharmalimited,CBPL54293,,542934
https://www.moneycontrol.com/india/stockpricequote/constructioncontractingcivil/consolidatedconstructionconsortium/CCC02,constructioncontractingcivil,consolidatedconstructionconsortium,CCC02,CCCL,532902
https://www.moneycontrol.com/india/stockpricequote/trading/cclinternational/CCL03,trading,cclinternational,CCL03,,531900
https://www.moneycontrol.com/india/stockpricequote/plantationsteacoffee/cclproductsindia/CC10,plantationsteacoffee,cclproductsindia,CC10,CCL,519600
https://www.moneycontrol.com/india/stockpricequote/computershardware/ccsinfotech/CCS01,computershardware,ccsinfotech,CCS01,,532405
https://www.moneycontrol.com/india/stockpricequote/packaging/cdgpetchem/PP31,packaging,cdgpetchem,PP31,,534796
https://www.moneycontrol.com/india/stockpricequote/hospitalsmedicalservices/cdrhealthcare/CDR,hospitalsmedicalservices,cdrhealthcare,CDR,,523353
https://www.moneycontrol.com/india/stockpricequote/financeinvestments/centraldepositoryservicesltd/CDS,financeinvestments,centraldepositoryservicesltd,CDS,CDSL,
https://www.moneycontrol.com/india/stockpricequote/tyres/ceat/C07,tyres,ceat,C07,CEATLTD,500878
https://www.moneycontrol.com/india/stockpricequote/financegeneral/ceejayfinance/HP07,financegeneral,ceejayfinance,HP07,,530789
https://www.moneycontrol.com/india/stockpricequote/textilesreadymadeapparels/ceenikexportsindia/CEI,textilesreadymadeapparels,ceenikexportsindia,CEI,CEENIKEXPO,531119
https://www.moneycontrol.com/india/stockpricequote/textilesmanmade/ceetaindustries/CI05,textilesmanmade,ceetaindustries,CI05,,514171
https://www.moneycontrol.com/india/stockpricequote/computerssoftware/ceinsystech/AI28,computerssoftware,ceinsystech,AI28,,538734
https://www.moneycontrol.com/india/stockpricequote/textilesreadymadeapparels/celebrityfashions/CFL04,textilesreadymadeapparels,celebrityfashions,CFL04,CELEBRITY,532695
https://www.moneycontrol.com/india/stockpricequote/pharmaceuticals/celestialbiolabs/CL05,pharmaceuticals,celestialbiolabs,CL05,CELESTIAL,532871
https://www.moneycontrol.com/india/stockpricequote/paper/cellaspacelimited/SSP08,paper,cellaspacelimited,SSP08,,532701
https://www.moneycontrol.com/india/stockpricequote/engineering/cenlubindustries/CI06,engineering,cenlubindustries,CI06,,522251
https://www.moneycontrol.com/india/stockpricequote/hospitalsmedicalservices/centennialsutures/CS02,hospitalsmedicalservices,centennialsutures,CS02,,531380
https://www.moneycontrol.com/india/stockpricequote/computerssoftwaremediumsmall/centeractechnologies/EZC,computerssoftwaremediumsmall,centeractechnologies,EZC,,531621
https://www.moneycontrol.com/india/stockpricequote/bankspublicsector/centralbankindia/CBO01,bankspublicsector,centralbankindia,CBO01,CENTRALBK,532885
https://www.moneycontrol.com/india/stockpricequote/miscellaneous/centralprovincesrailwaycompany/CPR,miscellaneous,centralprovincesrailwaycompany,CPR,,501827
https://www.moneycontrol.com/india/stockpricequote/miscellaneous/centronindustrialalliance/CIA,miscellaneous,centronindustrialalliance,CIA,,509499
https://www.moneycontrol.com/india/stockpricequote/financegeneral/centrumcapital/CF09,financegeneral,centrumcapital,CF09,CENTRUM,501150
https://www.moneycontrol.com/india/stockpricequote/electricals/centumelectronics/CE10,electricals,centumelectronics,CE10,CENTUM,517544
https://www.moneycontrol.com/india/stockpricequote/diversified/centurytextilesindustries/CTI,diversified,centurytextilesindustries,CTI,CENTURYTEX,500040
https://www.moneycontrol.com/india/stockpricequote/textilesmanmade/centuryenka/CE,textilesmanmade,centuryenka,CE,CENTENKA,500280
https://www.moneycontrol.com/india/stockpricequote/aluminium/centuryextrusions/CE02,aluminium,centuryextrusions,CE02,CENTEXT,500083
https://www.moneycontrol.com/india/stockpricequote/miscellaneous/centuryplyboards/CP9,miscellaneous,centuryplyboards,CP9,CENTURYPLY,532548
https://www.moneycontrol.com/india/stockpricequote/ceramicsgranite/cerasanitaryware/CS18,ceramicsgranite,cerasanitaryware,CS18,CERA,532443
https://www.moneycontrol.com/india/stockpricequote/computershardware/cerebraintegratedtechnologies/CIT,computershardware,cerebraintegratedtechnologies,CIT,CEREBRAINT,532413
https://www.moneycontrol.com/india/stockpricequote/computerssoftware/ceslimited/SIL13,computerssoftware,ceslimited,SIL13,,512341
https://www.moneycontrol.com/india/stockpricequote/powergenerationdistribution/cesc/CES,powergenerationdistribution,cesc,CES,CESC,500084
https://www.moneycontrol.com/india/stockpricequote/financeleasinghirepurchase/cflcapitalfinancialservices/CFL01,financeleasinghirepurchase,cflcapitalfinancialservices,CFL01,CEATFIN,511272
https://www.moneycontrol.com/india/stockpricequote/electricals/cromptongreavesconsumerelectrical/CGC01,electricals,cromptongreavesconsumerelectrical,CGC01,CROMPTON,539876
https://www.moneycontrol.com/india/stockpricequote/electricequipment/cgpowerindustrialsolutions/CG,electricequipment,cgpowerindustrialsolutions,CG,CGPOWER,500093
https://www.moneycontrol.com/india/stockpricequote/computerssoftwaremediumsmall/cgvaksoftwareexports/CGV,computerssoftwaremediumsmall,cgvaksoftwareexports,CGV,,531489
https://www.moneycontrol.com/india/stockpricequote/paper/chadhapaper/CP08,paper,chadhapaper,CP08,,531946
https://www.moneycontrol.com/india/stockpricequote/hotels/chalethotels/CH03,hotels,chalethotels,CH03,CHALET,542399
https://www.moneycontrol.com/india/stockpricequote/steelmediumsmall/chamakholdings/CH02,steelmediumsmall,chamakholdings,CH02,,539600
https://www.moneycontrol.com/india/stockpricequote/foodprocessing/chamanlalsetiaexports/CLS,foodprocessing,chamanlalsetiaexports,CLS,CLSEL,530307
https://www.moneycontrol.com/india/stockpricequote/breweriesdistilleries/chambalbreweriesdistilleries/CBD,breweriesdistilleries,chambalbreweriesdistilleries,CBD,,512301
https://www.moneycontrol.com/india/stockpricequote/fertilisers/chambalfertiliserschemicals/CFC,fertilisers,chambalfertiliserschemicals,CFC,CHAMBLFERT,500085
https://www.moneycontrol.com/india/stockpricequote/financeinvestments/monotonasecurities/MSL01,financeinvestments,monotonasecurities,MSL01,,504367
https://www.moneycontrol.com/india/stockpricequote/trading/chandraprabhuinternational/CPI02,trading,chandraprabhuinternational,CPI02,,530309
https://www.moneycontrol.com/india/stockpricequote/miscellaneous/chandrimamercantiles/CM05,miscellaneous,chandrimamercantiles,CM05,,540829
https://www.moneycontrol.com/india/stockpricequote/financeinvestments/chankyainvestments/CIL04,financeinvestments,chankyainvestments,CIL04,,501270
https://www.moneycontrol.com/india/stockpricequote/mediaentertainment/channelnineentertainment/CNE,mediaentertainment,channelnineentertainment,CNE,,535142
https://www.moneycontrol.com/india/stockpricequote/financeinvestments/charmsindustries/CI30,financeinvestments,charmsindustries,CI30,,531327
https://www.moneycontrol.com/india/stockpricequote/financeinvestments/charteredcapitalinvestments/CCI01,financeinvestments,charteredcapitalinvestments,CCI01,,511696
https://www.moneycontrol.com/india/stockpricequote/transportlogistics/charteredlogistics/CL06,transportlogistics,charteredlogistics,CL06,,531977
https://www.moneycontrol.com/india/stockpricequote/trading/chdchemicals/CC01,trading,chdchemicals,CC01,,539800
https://www.moneycontrol.com/india/stockpricequote/constructioncontractingcivil/chddevelopers/CHD01,constructioncontractingcivil,chddevelopers,CHD01,,526917
https://www.moneycontrol.com/india/stockpricequote/chemicals/chembondchemicals/CC03,chemicals,chembondchemicals,CC03,CHEMBOND,530871
https://www.moneycontrol.com/india/stockpricequote/specialitychemicals/chemconspecialitychemicals/CSC,specialitychemicals,chemconspecialitychemicals,CSC,CHEMCON,543233
https://www.moneycontrol.com/india/stockpricequote/miscellaneous/chemcruxenterprises/CE03,miscellaneous,chemcruxenterprises,CE03,,540395
https://www.moneycontrol.com/india/stockpricequote/chemicals/chemfabalkalis/CA01,chemicals,chemfabalkalis,CA01,CHEMFAB,541269
https://www.moneycontrol.com/india/stockpricequote/chemiesynthva/chemiesynthvapilimited/CHEMI53923,chemiesynthva,chemiesynthvapilimited,CHEMI53923,,539230
https://www.moneycontrol.com/india/stockpricequote/pharmaceuticals/chemopharmalaboratories/CPL01,pharmaceuticals,chemopharmalaboratories,CPL01,,506365
https://www.moneycontrol.com/india/stockpricequote/specialitychemicals/chemplastsanmar/CS23,specialitychemicals,chemplastsanmar,CS23,CHEMPLASTS,543336
https://www.moneycontrol.com/india/stockpricequote/engineering/chemtechindustrialvalves/CIV,engineering,chemtechindustrialvalves,CIV,,537326
https://www.moneycontrol.com/india/stockpricequote/steelpigiron/chennaiferrousindustries/CFI02,steelpigiron,chennaiferrousindustries,CFI02,,539011
https://www.moneycontrol.com/india/stockpricequote/hospitalsmedicalservices/chennaimeenakshimultispecialityhospital/CMM,hospitalsmedicalservices,chennaimeenakshimultispecialityhospital,CMM,,523489
https://www.moneycontrol.com/india/stockpricequote/refineries/chennaipetroleumcorporation/CPC02,refineries,chennaipetroleumcorporation,CPC02,CHENNPETRO,500110
https://www.moneycontrol.com/india/stockpricequote/textilesspinningcottonblended/cheslindtextiles/CT03,textilesspinningcottonblended,cheslindtextiles,CT03,CHESLINTEX,521056
https://www.moneycontrol.com/india/stockpricequote/miscellaneous/cheviotcompany/CC04,miscellaneous,cheviotcompany,CC04,CHEVIOT,526817
https://www.moneycontrol.com/india/stockpricequote/textilesspinningcottonblended/chitradurgaspinners/CS07,textilesspinningcottonblended,chitradurgaspinners,CS07,,521244
https://www.moneycontrol.com/india/stockpricequote/hotels/chl/CHL,hotels,chl,CHL,,532992
https://www.moneycontrol.com/india/stockpricequote/financegeneral/choiceinternational/CFS01,financegeneral,choiceinternational,CFS01,CHOICEIN,531358
https://www.moneycontrol.com/india/stockpricequote/financeothers/choiceinternationalre/CIR,financeothers,choiceinternationalre,CIR,,750692
https://www.moneycontrol.com/india/stockpricequote/consumergoodselectronic/choksiimaging/SP10,consumergoodselectronic,choksiimaging,SP10,,530427
https://www.moneycontrol.com/india/stockpricequote/miscellaneous/choksilabs/CAS,miscellaneous,choksilabs,CAS,,526546
https://www.moneycontrol.com/india/stockpricequote/miscellaneous/cholamandalamfinancialholdings/TII,miscellaneous,cholamandalamfinancialholdings,TII,CHOLAHLDNG,504973
https://www.moneycontrol.com/india/stockpricequote/cholainvest/cholamandalaminvestmentfinancecompany/CDB,cholainvest,cholamandalaminvestmentfinancecompany,CDB,CHOLAFIN,511243
https://www.moneycontrol.com/india/stockpricequote/foodprocessing/chordiafoodproducts/CFP,foodprocessing,chordiafoodproducts,CFP,,519475
https://www.moneycontrol.com/india/stockpricequote/foodprocessing/chothanifoodsltd/AMM01,foodprocessing,chothanifoodsltd,AMM01,,540681
https://www.moneycontrol.com/india/stockpricequote/shipping/chowgulesteamships/CS09,shipping,chowgulesteamships,CS09,CHOWGULSTM,501833
https://www.moneycontrol.com/india/stockpricequote/miscellaneous/chplindustries/CHP02,miscellaneous,chplindustries,CHP02,,539335
https://www.moneycontrol.com/india/stockpricequote/dyespigments/chromaticindia/CI31,dyespigments,chromaticindia,CI31,CHROMATIC,530191
https://www.moneycontrol.com/india/stockpricequote/edibleoilssolventextraction/cianagroindustriesinfrastructure/UAC,edibleoilssolventextraction,cianagroindustriesinfrastructure,UAC,,519477
https://www.moneycontrol.com/india/stockpricequote/hospitalsmedicalservices/cianhealthcare/CH04,hospitalsmedicalservices,cianhealthcare,CH04,,542678
https://www.moneycontrol.com/india/stockpricequote/computerssoftwaremediumsmall/cignititechnologies/CI42,computerssoftwaremediumsmall,cignititechnologies,CI42,CIGNITITEC,534758
https://www.moneycontrol.com/india/stockpricequote/textilesmanmade/cilnovapetrochemicals/CIL05,textilesmanmade,cilnovapetrochemicals,CIL05,CNOVAPETRO,533407
https://www.moneycontrol.com/india/stockpricequote/diversified/cimmco/CB02,diversified,cimmco,CB02,CIMMCO,505230
https://www.moneycontrol.com/india/stockpricequote/cindrellafin/cindrellafinancialservices/CFS02,cindrellafin,cindrellafinancialservices,CFS02,,531283
https://www.moneycontrol.com/india/stockpricequote/hotels/cindrellahotels/CH,hotels,cindrellahotels,CH,,526373
https://www.moneycontrol.com/india/stockpricequote/mediaentertainment/cinelineindia/CI38,mediaentertainment,cinelineindia,CI38,CINELINE,532807
https://www.moneycontrol.com/india/stockpricequote/mediaentertainment/cinemaxindia/CI46,mediaentertainment,cinemaxindia,CI46,CINEMAXIN,534711
https://www.moneycontrol.com/india/stockpricequote/mediaentertainment/cineradcommunications/CC05,mediaentertainment,cineradcommunications,CC05,,530457
https://www.moneycontrol.com/india/stockpricequote/mediaentertainment/cinevista/C97,mediaentertainment,cinevista,C97,CINEVISTA,532324
https://www.moneycontrol.com/india/stockpricequote/pharmaceuticals/cipla/C,pharmaceuticals,cipla,C,CIPLA,500087
https://www.moneycontrol.com/india/stockpricequote/electricals/circuitsystemsindia/CSI02,electricals,circuitsystemsindia,CSI02,,532913
https://www.moneycontrol.com/india/stockpricequote/trading/cistrotelelink/CT08,trading,cistrotelelink,CT08,,531775
https://www.moneycontrol.com/india/stockpricequote/constructioncontractingrealestate/citadelrealtydevelopers/RPP03,constructioncontractingrealestate,citadelrealtydevelopers,RPP03,,502445
https://www.moneycontrol.com/india/stockpricequote/financeleasinghirepurchase/citiportfinancialservices/CPF,financeleasinghirepurchase,citiportfinancialservices,CPF,,531235
https://www.moneycontrol.com/india/stockpricequote/miscellaneous/citizeninfoline/CI47,miscellaneous,citizeninfoline,CI47,,538786
https://www.moneycontrol.com/india/stockpricequote/textilesspinningcottonblended/citizenyarns/CY,textilesspinningcottonblended,citizenyarns,CY,,514366
https://www.moneycontrol.com/india/stockpricequote/computerssoftwaremediumsmall/cityonlineservices/COS,computerssoftwaremediumsmall,cityonlineservices,COS,,538674
https://www.moneycontrol.com/india/stockpricequote/mediaentertainment/citypulsemultiplex/CPM01,mediaentertainment,citypulsemultiplex,CPM01,,542727
https://www.moneycontrol.com/india/stockpricequote/banksprivatesector/cityunionbank/CUB,banksprivatesector,cityunionbank,CUB,CUB,532210
https://www.moneycontrol.com/india/stockpricequote/textilesreadymadeapparels/cityman/C01,textilesreadymadeapparels,cityman,C01,,521210
https://www.moneycontrol.com/india/stockpricequote/chemicals/cjgelatineproducts/CJG,chemicals,cjgelatineproducts,CJG,,507515
https://www.moneycontrol.com/india/stockpricequote/miscellaneous/cleducate/CE09,miscellaneous,cleducate,CE09,CLEDUCATE,540403
https://www.moneycontrol.com/india/stockpricequote/packagingmaterialsplasticproducts/claraindustries/CI12,packagingmaterialsplasticproducts,claraindustries,CI12,,543435
https://www.moneycontrol.com/india/stockpricequote/dyespigments/clariantchemicalsindia/CCI08,dyespigments,clariantchemicalsindia,CCI08,CLNINDIA,506390
https://www.moneycontrol.com/india/stockpricequote/pharmaceuticals/clarislifesciences/CL02,pharmaceuticals,clarislifesciences,CL02,,533288
https://www.moneycontrol.com/india/stockpricequote/diamondcuttingjewellerypreciousmetals/classicdiamondsindia/CDI,diamondcuttingjewellerypreciousmetals,classicdiamondsindia,CDI,CLASSIC,523200
https://www.moneycontrol.com/india/stockpricequote/miscellaneous/classicfilaments/CF11,miscellaneous,classicfilaments,CF11,,540310
https://www.moneycontrol.com/india/stockpricequote/financegeneral/classicglobalfinancecapital/CGF,financegeneral,classicglobalfinancecapital,CGF,,538433
https://www.moneycontrol.com/india/stockpricequote/financeinvestments/classicglobesecurities/CGS,financeinvestments,classicglobesecurities,CGS,,511690
https://www.moneycontrol.com/india/stockpricequote/classicleasing/classicleasingfinance/CLF,classicleasing,classicleasingfinance,CLF,,540481
https://www.moneycontrol.com/india/stockpricequote/specialitychemicals/cleansciencetechnology/CST,specialitychemicals,cleansciencetechnology,CST,CLEAN,543318
https://www.moneycontrol.com/india/stockpricequote/financeinvestments/clioinfotech/CI43,financeinvestments,clioinfotech,CI43,,530839
https://www.moneycontrol.com/india/stockpricequote/autoancillaries/clutchauto/CA02,autoancillaries,clutchauto,CA02,CLUTCHAUTO,505052
https://www.moneycontrol.com/india/stockpricequote/miscellaneous/chandnimachines/CHAND54262,miscellaneous,chandnimachines,CHAND54262,,542627
https://www.moneycontrol.com/india/stockpricequote/computershardware/cmc/CMC,computershardware,cmc,CMC,CMC,517326
https://www.moneycontrol.com/india/stockpricequote/cablestelephone/cmi/CMI,cablestelephone,cmi,CMI,CMICABLES,517330
https://www.moneycontrol.com/india/stockpricequote/miscellaneous/cmminfraprojects/CI23,miscellaneous,cmminfraprojects,CI23,CMMIPL,
https://www.moneycontrol.com/india/stockpricequote/software/cmsinfosystems/CIS03,software,cmsinfosystems,CIS03,CMSINFO,543441
https://www.moneycontrol.com/india/stockpricequote/mediaentertainment/cniresearch/CNI,mediaentertainment,cniresearch,CNI,,512018
https://www.moneycontrol.com/india/stockpricequote/miningminerals/coalindia/CI11,miningminerals,coalindia,CI11,COALINDIA,533278
https://www.moneycontrol.com/india/stockpricequote/consumerfood/coastalcorporationre/CCR,consumerfood,coastalcorporationre,CCR,COAST-RE,750731
https://www.moneycontrol.com/india/stockpricequote/consumerfood/coastalcorporation/CC02,consumerfood,coastalcorporation,CC02,COASTCORP,
https://www.moneycontrol.com/india/stockpricequote/aquaculture/coastaltrawlers/CTL,aquaculture,coastaltrawlers,CTL,,501831
https://www.moneycontrol.com/india/stockpricequote/transportlogistics/coastalroadways/CR01,transportlogistics,coastalroadways,CR01,,520131
https://www.moneycontrol.com/india/stockpricequote/consumerfood/coastalcorporationpp/CCP,consumerfood,coastalcorporationpp,CCP,COASTPP,
https://www.moneycontrol.com/india/stockpricequote/rubber/cochinmalabar/CM01,rubber,cochinmalabar,CM01,,508571
https://www.moneycontrol.com/india/stockpricequote/chemicals/cochinmineralsrutile/CMR,chemicals,cochinmineralsrutile,CMR,,513353
https://www.moneycontrol.com/india/stockpricequote/cochinshipyard/cochinshipyard/CS,cochinshipyard,cochinshipyard,CS,COCHINSHIP,540678
https://www.moneycontrol.com/india/stockpricequote/foodprocessing/coffeedayenterprises/CDE,foodprocessing,coffeedayenterprises,CDE,COFFEEDAY,539436
https://www.moneycontrol.com/india/stockpricequote/computerssoftware/coforgelimited/NII02,computerssoftware,coforgelimited,NII02,COFORGE,532541
https://www.moneycontrol.com/india/stockpricequote/miscellaneous/colabcloudplatforms/JSGLE54286,miscellaneous,colabcloudplatforms,JSGLE54286,,542866
https://www.moneycontrol.com/india/stockpricequote/personalcare/colgatepalmoliveindia/CPI,personalcare,colgatepalmoliveindia,CPI,COLPAL,500830
https://www.moneycontrol.com/india/stockpricequote/pharmaceuticals/colinzlaboratories/CL01,pharmaceuticals,colinzlaboratories,CL01,,531210
https://www.moneycontrol.com/india/stockpricequote/mediaentertainment/colorchipsnewmedia/ME17,mediaentertainment,colorchipsnewmedia,ME17,,540023
https://www.moneycontrol.com/india/stockpricequote/financegeneral/comfortinfotech/CI32,financegeneral,comfortinfotech,CI32,,531216
https://www.moneycontrol.com/india/stockpricequote/financegeneral/comfortcommotrade/CC,financegeneral,comfortcommotrade,CC,,534691
https://www.moneycontrol.com/india/stockpricequote/financegeneral/comfortfincap/CF10,financegeneral,comfortfincap,CF10,,535267
https://www.moneycontrol.com/india/stockpricequote/packaging/commercialsynbags/CSB01,packaging,commercialsynbags,CSB01,,539986
https://www.moneycontrol.com/india/stockpricequote/computerssoftwaremediumsmall/commextechnology/ITP02,computerssoftwaremediumsmall,commextechnology,ITP02,,532342
https://www.moneycontrol.com/india/stockpricequote/software/compuageinfocomre/CIR01,software,compuageinfocomre,CIR01,COMP-RE,750738
https://www.moneycontrol.com/india/stockpricequote/consumergoodselectronic/compactdisc/CD04,consumergoodselectronic,compactdisc,CD04,COMPACDISC,526141
https://www.moneycontrol.com/india/stockpricequote/trading/competentautomobilescompany/CAC,trading,competentautomobilescompany,CAC,,531041
https://www.moneycontrol.com/india/stockpricequote/computershardware/compuageinfocom/CI29,computershardware,compuageinfocom,CI29,COMPINFO,532456
https://www.moneycontrol.com/india/stockpricequote/computerssoftwaremediumsmall/compucomsoftware/CS14,computerssoftwaremediumsmall,compucomsoftware,CS14,COMPUSOFT,532339
https://www.moneycontrol.com/india/stockpricequote/computershardware/computerpointindia/CPI04,computershardware,computerpointindia,CPI04,,507833
https://www.moneycontrol.com/india/stockpricequote/constructioncontractingcivil/conartengineers/CE05,constructioncontractingcivil,conartengineers,CE05,,522231
https://www.moneycontrol.com/india/stockpricequote/miscellaneous/concordcontrolsystems/CCS,miscellaneous,concordcontrolsystems,CCS,,543619
https://www.moneycontrol.com/india/stockpricequote/pharmaceuticals/concorddrugs/CD05,pharmaceuticals,concorddrugs,CD05,,538965
https://www.moneycontrol.com/india/stockpricequote/financeinvestments/concretecredit/CC29,financeinvestments,concretecredit,CC29,,539266
https://www.moneycontrol.com/india/stockpricequote/financeinvestments/confidencefinancetrading/CTC02,financeinvestments,confidencefinancetrading,CTC02,,504340
https://www.moneycontrol.com/india/stockpricequote/engineeringheavy/confidencefuturisticenergetech/GIR,engineeringheavy,confidencefuturisticenergetech,GIR,,539991
https://www.moneycontrol.com/india/stockpricequote/miscellaneous/confidencepetroleum/CP10,miscellaneous,confidencepetroleum,CP10,CONFIPET,526829
https://www.moneycontrol.com/india/stockpricequote/financeinvestments/consecutiveinvestmenttradingcompany/CIT01,financeinvestments,consecutiveinvestmenttradingcompany,CIT01,,539091
https://www.moneycontrol.com/india/stockpricequote/financegeneral/consolidatedfinvestholdings/CFH01,financegeneral,consolidatedfinvestholdings,CFH01,CONSOFINVT,500226
https://www.moneycontrol.com/india/stockpricequote/hospitalsmedicalservices/constronicsinfralimited/IM03,hospitalsmedicalservices,constronicsinfralimited,IM03,,523844
https://www.moneycontrol.com/india/stockpricequote/consumbees/nipponindiaetfniftyindiaconsumption/RMF04,consumbees,nipponindiaetfniftyindiaconsumption,RMF04,CONSUMBEES,
https://www.moneycontrol.com/india/stockpricequote/autoancillariesothers/containetechnologies/CT13,autoancillariesothers,containetechnologies,CT13,,543606
https://www.moneycontrol.com/india/stockpricequote/transportlogistics/containercorporationindia/CCI,transportlogistics,containercorporationindia,CCI,CONCOR,531344
https://www.moneycontrol.com/india/stockpricequote/containerway/containerwayinternationallim/CONTA54059,containerway,containerwayinternationallim,CONTA54059,,540597
https://www.moneycontrol.com/india/stockpricequote/computerssoftwaremediumsmall/contechsoftware/CS16,computerssoftwaremediumsmall,contechsoftware,CS16,,532397
https://www.moneycontrol.com/india/stockpricequote/financeinvestments/contilindia/CI41,financeinvestments,contilindia,CI41,,531067
https://www.moneycontrol.com/india/stockpricequote/continentchem/continentalchemicals/CC09,continentchem,continentalchemicals,CC09,,506935
https://www.moneycontrol.com/india/stockpricequote/lubricants/continentalpetroleums/CP06,lubricants,continentalpetroleums,CP06,,523232
https://www.moneycontrol.com/india/stockpricequote/continentalsec/continentalsecurities/CS21,continentalsec,continentalsecurities,CS21,,538868
https://www.moneycontrol.com/india/stockpricequote/miscellaneous/continentalseedsandchemicalsltd/CSA,miscellaneous,continentalseedsandchemicalsltd,CSA,CONTI,
https://www.moneycontrol.com/india/stockpricequote/electricequipment/continentalcontrols/CC15,electricequipment,continentalcontrols,CC15,,531460
https://www.moneycontrol.com/india/stockpricequote/trading/controlprint/CP11,trading,controlprint,CP11,CONTROLPR,522295
https://www.moneycontrol.com/india/stockpricequote/plasticspetbottelsjarscontainers/coolcapsindustries/CCI03,plasticspetbottelsjarscontainers,coolcapsindustries,CCI03,COOLCAPS,
https://www.moneycontrol.com/india/stockpricequote/financehousing/coralindiafinancehousing/CIF02,financehousing,coralindiafinancehousing,CIF02,CORALFINAC,531556
https://www.moneycontrol.com/india/stockpricequote/pharmaceuticals/corallaboratories/CL03,pharmaceuticals,corallaboratories,CL03,,524506
https://www.moneycontrol.com/india/stockpricequote/paper/coralnewsprints/CN,paper,coralnewsprints,CN,,530755
https://www.moneycontrol.com/india/stockpricequote/cablespowerothers/cordscableindustries/CCI07,cablespowerothers,cordscableindustries,CCI07,CORDSCABLE,532941
https://www.moneycontrol.com/india/stockpricequote/computerssoftwaretraining/coreeducationtechnologies/CPT,computerssoftwaretraining,coreeducationtechnologies,CPT,COREEDUTEC,512199
https://www.moneycontrol.com/india/stockpricequote/edibleoilssolventextraction/coromandelagroproductsoils/CAP01,edibleoilssolventextraction,coromandelagroproductsoils,CAP01,,507543
https://www.moneycontrol.com/india/stockpricequote/engineering/coromandelengineeringcompany/CEC,engineering,coromandelengineeringcompany,CEC,COROENGG,533167
https://www.moneycontrol.com/india/stockpricequote/fertilisers/coromandelinternational/CI45,fertilisers,coromandelinternational,CI45,COROMANDEL,506395
https://www.moneycontrol.com/india/stockpricequote/couriers/corporatecouriercargo/CC13,couriers,corporatecouriercargo,CC13,,526737
https://www.moneycontrol.com/india/stockpricequote/miscellaneous/corporatemerchantbankers/CMB,miscellaneous,corporatemerchantbankers,CMB,,540199
https://www.moneycontrol.com/india/stockpricequote/bankspublicsector/corporationbank/CB,bankspublicsector,corporationbank,CB,CORPBANK,532179
https://www.moneycontrol.com/india/stockpricequote/paper/cosboardindustries/CI17,paper,cosboardindustries,CI17,,530859
https://www.moneycontrol.com/india/stockpricequote/rubber/coscoindia/CI18,rubber,coscoindia,CI18,,530545
https://www.moneycontrol.com/india/stockpricequote/electricals/cosmoferrites/CF07,electricals,cosmoferrites,CF07,,523100
https://www.moneycontrol.com/india/stockpricequote/plastics/cosmofirst/CF08,plastics,cosmofirst,CF08,COSMOFIRST,508814
https://www.moneycontrol.com/india/stockpricequote/cospower/cospowerengineering/CE11,cospower,cospowerengineering,CE11,,543172
https://www.moneycontrol.com/india/stockpricequote/computerssoftwaremediumsmall/cosyn/CSS01,computerssoftwaremediumsmall,cosyn,CSS01,,538922
https://www.moneycontrol.com/india/stockpricequote/hotels/countryclubhospitalityholidays/CCI06,hotels,countryclubhospitalityholidays,CCI06,CCHHL,526550
https://www.moneycontrol.com/india/stockpricequote/countrycondos/countrycondos/CC28,countrycondos,countrycondos,CC28,COUNCODOS,531624
https://www.moneycontrol.com/india/stockpricequote/autoancillaries/conventrycoilomaticharyana/CCO,autoancillaries,conventrycoilomaticharyana,CCO,,523415
https://www.moneycontrol.com/india/stockpricequote/miscellaneous/coxkings/CK,miscellaneous,coxkings,CK,COX&KINGS,533144
https://www.moneycontrol.com/india/stockpricequote/cpseetf/cpseetf/CPS01,cpseetf,cpseetf,CPS01,CPSEETF,538057
https://www.moneycontrol.com/india/stockpricequote/engineering/craftsmanautomation/CA04,engineering,craftsmanautomation,CA04,CRAFTSMAN,543276
https://www.moneycontrol.com/india/stockpricequote/constructioncontractingrealestate/craneinfrastructure/CI48,constructioncontractingrealestate,craneinfrastructure,CI48,,538770
https://www.moneycontrol.com/india/stockpricequote/computerssoftwaremediumsmall/cranessoftwareinternational/CSI01,computerssoftwaremediumsmall,cranessoftwareinternational,CSI01,CRANESSOFT,512093
https://www.moneycontrol.com/india/stockpricequote/engineeringheavy/cranex/C08,engineeringheavy,cranex,C08,,522001
https://www.moneycontrol.com/india/stockpricequote/trading/cravatex/C09,trading,cravatex,C09,,509472
https://www.moneycontrol.com/india/stockpricequote/computerssoftwaremediumsmall/crazyinfotech/CI35,computerssoftwaremediumsmall,crazyinfotech,CI35,,524388
https://www.moneycontrol.com/india/stockpricequote/engineering/creativecastings/CC30,engineering,creativecastings,CC30,,539527
https://www.moneycontrol.com/india/stockpricequote/mediaentertainment/creativeeye/CE08,mediaentertainment,creativeeye,CE08,CREATIVEYE,532392
https://www.moneycontrol.com/india/stockpricequote/trading/creativemerchants/CM04,trading,creativemerchants,CM04,,538504
https://www.moneycontrol.com/india/stockpricequote/miscellaneous/creativenewtech/CPD,miscellaneous,creativenewtech,CPD,CREATIVE,
https://www.moneycontrol.com/india/stockpricequote/creditaccessgr/creditaccessgrameen/CG03,creditaccessgr,creditaccessgrameen,CG03,CREDITACC,541770
https://www.moneycontrol.com/india/stockpricequote/financeinvestments/crescentleasing/CL07,financeinvestments,crescentleasing,CL07,,539131
https://www.moneycontrol.com/india/stockpricequote/computerssoftwaremediumsmall/cressandasolution/CS17,computerssoftwaremediumsmall,cressandasolution,CS17,,512379
https://www.moneycontrol.com/india/stockpricequote/mediaentertainment/crestanimationstudios/CAS01,mediaentertainment,crestanimationstudios,CAS01,CRESTANI,526785
https://www.moneycontrol.com/india/stockpricequote/financehousing/crestventures/SR,financehousing,crestventures,SR,CREST,511413
https://www.moneycontrol.com/india/stockpricequote/chemicals/crestchem/C10,chemicals,crestchem,C10,,526269
https://www.moneycontrol.com/india/stockpricequote/leatherproducts/crewbosproducts/CBO,leatherproducts,crewbosproducts,CBO,CREWBOS,532542
https://www.moneycontrol.com/india/stockpricequote/steeltubespipes/crimsonmetalengineeringcompany/SSS04,steeltubespipes,crimsonmetalengineeringcompany,SSS04,,526977
https://www.moneycontrol.com/india/stockpricequote/miscellaneous/crisil/CRI,miscellaneous,crisil,CRI,CRISIL,500092
https://www.moneycontrol.com/india/stockpricequote/petrochemicals/croissance/MPL02,petrochemicals,croissance,MPL02,,531909
https://www.moneycontrol.com/india/stockpricequote/diversified/crownlifters/CL08,diversified,crownlifters,CL08,CROWN,
https://www.moneycontrol.com/india/stockpricequote/miscellaneous/crpriskmanagementltd/CRM,miscellaneous,crpriskmanagementltd,CRM,,540903
https://www.moneycontrol.com/india/stockpricequote/banksprivatesector/csbbank/CB05,banksprivatesector,csbbank,CB05,CSBBANK,542867
https://www.moneycontrol.com/india/stockpricequote/financeleasinghirepurchase/cslfinance/CSL01,financeleasinghirepurchase,cslfinance,CSL01,CSLFINANCE,530067
https://www.moneycontrol.com/india/stockpricequote/computerssoftwaremediumsmall/ctil/CTI01,computerssoftwaremediumsmall,ctil,CTI01,,532363
https://www.moneycontrol.com/india/stockpricequote/metalsnonferrous/cubextubings/CT05,metalsnonferrous,cubextubings,CT05,CUBEXTUB,526027
https://www.moneycontrol.com/india/stockpricequote/cubicalfinser/cubicalfinancialservices/CFS03,cubicalfinser,cubicalfinancialservices,CFS03,,511710
https://www.moneycontrol.com/india/stockpricequote/engines/cumminsindia/CI02,engines,cumminsindia,CI02,CUMMINSIND,500480
https://www.moneycontrol.com/india/stockpricequote/miscellaneous/cupid/CR02,miscellaneous,cupid,CR02,CUPID,530843
https://www.moneycontrol.com/india/stockpricequote/trading/cupidtrades/CT06,trading,cupidtrades,CT06,,512361
https://www.moneycontrol.com/india/stockpricequote/computerssoftwaremediumsmall/curatechnologies/SS48,computerssoftwaremediumsmall,curatechnologies,SS48,CURATECH,532332
https://www.moneycontrol.com/india/stockpricequote/electronicgoods/cwd/C15,electronicgoods,cwd,C15,,543378
https://www.moneycontrol.com/india/stockpricequote/cablespowerothers/cybeleindustries/CI39,cablespowerothers,cybeleindustries,CI39,,531472
https://www.moneycontrol.com/india/stockpricequote/mediaentertainment/cybermediaindia/CMI01,mediaentertainment,cybermediaindia,CMI01,CYBERMEDIA,532640
https://www.moneycontrol.com/india/stockpricequote/miscellaneous/cybermediaresearchservices/CMR01,miscellaneous,cybermediaresearchservices,CMR01,CMRSL,
https://www.moneycontrol.com/india/stockpricequote/computerssoftwaremediumsmall/cyberscapemultimedia/CM03,computerssoftwaremediumsmall,cyberscapemultimedia,CM03,,532364
https://www.moneycontrol.com/india/stockpricequote/computerssoftwaremediumsmall/cybertechsystemssoftware/CSS,computerssoftwaremediumsmall,cybertechsystemssoftware,CSS,CYBERTECH,532173
https://www.moneycontrol.com/india/stockpricequote/computerssoftware/cyient/IE07,computerssoftware,cyient,IE07,CYIENT,532175
