SYMBOL,SECTOR
AMJUMBO,miscellaneous
ABINFRA,infrastructuregeneral
A2ZINFRA,powertransmissionequipment
AAATECH,aaa
AAKASH,engineeringheavy
AARON,aaronindustrie
AARTIDRUGS,pharmaceuticals
AARTIIND,chemicals
AARTISURF,chemicals
AARVEEDEN,textilesdenim
AARVI,diversified
AAVAS,financegeneral
ABCAPITAL,financeinvestments
ABCOTS,textiles
ABFRLPP1,retailing
ABFRL-RE,retailing
BIRLAMONEY,financegeneral
ABIRLANUVO,diversified
ABAN,oildrillingandexploration
ABB,infrastructuregeneral
ABBOTINDIA,pharmaceuticals
ANTFRIBEAR,bearings
ABGSHIP,shipping
ABHISHEK,textilesspinningcottonblended
AILIMITED,miscellaneous
ABMINTLLTD,miscellaneous
ABSLAMC,financeinvestment
BSLNIFTY,absln50etf
HEALTHY,etf
SILVER,abslsilveretf
ABSLBANETF,abslnbanketf
ABSLNN50ET,abslnn50et
BSLSENETFG,abslspbsesetf
ACC,cementmajor
ACCELYA,computerssoftwaremediumsmall
ACCORD,telecommunicationsservice
ACCURACY,shipping
ACEINTEG,misccommercialservices
ACROPETAL,computerssoftware
ACE,engineeringheavy
ADANIENT,trading
ADANIGREEN,powergenerationdistribution
ADANIPORTS,infrastructuregeneral
ADANIPOWER,powergenerationdistribution
ATGL,adanitotalgas
ADANITRANS,powertransmissionequipment
AWL,consumerfood
KRONECOMM,telecommunicationsequipment
ADADH,medicalequipmentsuppliesaccessories
ADFFOODS,foodprocessing
ADHUNIK,steelspongeiron
ABCIL,chemicals
ABFRL,retail
ADITYASPIN,textilesspinningsyntheticblended
ADORWELD,electrodesgraphite
AMTL,powergenerationdistribution
ADVENZYMES,pharmaceuticals
ADVANIHOTR,hotels
ADVANTA,miscellaneous
AEGISCHEM,transportlogistics
AETHER,specialitychemicals
AFFLE,affleindia
ARVINDFASN,miscellaneous
AFTEK,computerssoftwaremediumsmall
AGARIND,transportlogistics
AGI,agigreenpac
AGNI,renewables
AGRITECH,fertilisers
AGRODUTCH,foodprocessing
AGROPHOS,diversified
ATFL,edibleoilssolventextraction
AGSTRA,onlineservices
SCAPDVR,miscellaneous
AHIMSA,plastics
AHLADA,ahladaengineer
AHLUCONT,constructioncontractingcivil
AICHAMP,miscellaneous
AIAENG,castingsforgings
AIMCOPEST,pesticidesagrochemicals
AIRAN,airan
AIROLAM,miscellaneous
AJANTPHARM,pharmaceuticals
AJMERA,constructioncontractingrealestate
AJOONI,diversified
AJRINFRA,constructioncontractingcivil
AKASH,miscellaneous
AKG,akgexim
AKSHOPTFBR,cablestelephone
AKSHAR,textilesgeneral
AKSHARCHEM,dyespigments
AKZOINDIA,paintsvarnishes
ALANKIT,miscellaneous
ALBERTDAVD,pharmaceuticals
ALCHEM,miscellaneous
ALEMBICLTD,pharmaceuticals
APLLTD,pharmaceuticals
ALFREDHERB,engineering
ALICON,castingsforgings
ALKALI,chemicals
ALKEM,pharmaceuticals
ALKYLAMINE,chemicals
ALBK,bankspublicsector
ALLCARGO,transportlogistics
ADSL,computerssoftwaremediumsmall
ALLSEC,computerssoftwaremediumsmall
ALMONDZ,financeinvestments
ALOKINDS,textilesweaving
ALPA,pharmaceuticals
ALPHAGEO,oildrillingandexploration
ALPINEHOU,constructioncontractinghousing
ALPSINDUS,textilesgeneral
AMARAJABAT,autoancillaries
AMARJOTHI,textilesspinningcottonblended
AMBASARABH,pharmaceuticals
AMBANIORG,ambaniorganics
AMBER,miscellaneous
AMBICAAGAR,ambicaagar
AMBIKCO,textilesspinningcottonblended
AMBUJACEM,cementmajor
AMDIND,packaging
AMEYA,engineering
AMFORGEIND,castingsforgings
AMIORG,specialitychemicals
AMIABLE,logistics
ASIL,textilesspinningcottonblended
AMJLAND,paper
AMRUTANJAN,pharmaceuticals
ARTEMISMED,hospitalsmedicalservices
AMTEKAUTO,autoancillaries
ANANDRATHI,financeinvestment
ANANTRAJ,anantraj
ANDHRABANK,bankspublicsector
ANDHRACEMT,cementmajor
ANDHRAPAP,paper
ANDHRAPET,chemicals
ANDHRSUGAR,sugar
ANDREWYU,trading
ANGIND,autoancillaries
ANGELONE,angelone
AISL,engineering
ANIKINDS,edibleoilssolventextraction
ASILIND,steelcrhrstrips
APCL,cementmini
ANKITMETAL,steelspongeiron
ANNAPURNA,consumerfood
ANSALHSG,constructioncontractinghousing
ANSALAPI,constructioncontractinghousing
ANTGRAPHIC,printingstationery
AWHCL,miscellaneous
ANURAS,specialitychemicals
APARINDS,electricequipment
APCOTEXIND,rubber
APEX,foodprocessing
APLAPOLLO,steeltubespipes
APLAB,telecommunicationsequipment
APOLLOHOSP,hospitalsmedicalservices
APOLLO,apollomicrosy
APOLLOPIPE,plastics
APOLSINHOT,apollosindoori
APOLLOTYRE,tyres
APTECHT,computerssoftwaretraining
APTUS,financehousing
ARAVALISEC,financeinvestments
ACI,chemicals
ADL,archidplydecor
ARCHIDPLY,miscellaneous
ARCHIES,printingstationery
ARCOTECH,metalsnonferrous
ARIES,fertilisers
ARIHANTCAP,financeinvestments
ARIHANT,constructioncontractinghousing
ARIHANTSUP,constructioncontractingrealestate
ARMANFIN,financeleasinghirepurchase
AROGRANITE,ceramicsgranite
ARROWGREEN,plastics
ARROWTEX,textilesweaving
ARSHIYA,transportlogistics
ARSSINFRA,constructioncontractingcivil
ARTNIRMAN,constructioncontractingcivil
AGLSL,miscellaneous
ARTSONENGG,engineering
ARUNASUGAR,hotels
ARVEE,miscellaneous
ARVIND,textilesdenim
AFL-RE,arvindfasre
AFLPP,miscellaneous
ARVINDREM,pharmaceuticals
ARVSMART,infrastructuregeneral
ASAHIINDIA,glassglassproducts
ASAHISONG,dyespigments
SATIA,educationalinstitutions
ASCOM,miscellaneous
AIFL,textilesreadymadeapparels
ASHAPURMIN,miningminerals
ASHIANA,constructioncontractinghousing
ASHIMASYN,textilesspinningcottonblended
ASHOKALCO,chemicals
ASHOKLEY,autolcvshcvs
ASHOKA,constructioncontractingcivil
SHREEASHTA,mediaentertainment
ASIANENE,oildrillingandexploration
ASIAN-RE,miscellaneous
ASIANTILES,ceramicsgranite
AHLEAST,hotels
AHLWEST,hotels
ASIANHOTNR,hotels
ASIANPAINT,paintsvarnishes
ASIAN-RE1,ceramicsmarblegranitesanitaryware
ASLIND,miscellaneous
ASPINWALL,miscellaneous
ASSAMCO,plantationsteacoffee
ASALCBR,breweriesdistilleries
ASOCSTONE,miningminerals
ASTEC,pharmaceuticals
ASTERDM,diversified
ASTRAMICRO,astramicrowave
ASTRAL,plastics
ASTRAZEN,pharmaceuticals
ASTRON,paper
ATALREAL,constructioninfrastructure
ATLANTA,constructioncontractingcivil
ATLASCYCLE,miscellaneous
ATNINTER,atnint
ATUL,chemicals
ATULAUTO,auto23wheelers
ATVPROJ,engineeringheavy
AUBANK,banksprivatesector
AURDIS,miscellaneous
AURIONPRO,computerssoftwaremediumsmall
AUROPHARMA,pharmaceuticals
AURUM,computerssoftwaremediumsmall
AURUM-RE,itservicesconsulting
AURUMPP,itservicesconsulting
AUSOMENT,financeinvestments
AUSTRAL,miscellaneous
AUTOCORP,autoancillaries
ASAL,autoancillaries
AUTOBEES,autobees
AUTOIND,autoancillaries
AUTOLITIND,autoancillaries
AUTOAXLES,autoancillaries
AUTOPALIND,autoancillaries
AUTORIDFIN,financeleasinghirepurchase
AVADHSUGAR,sugar
AVANTIFEED,aquaculture
DMART,retail
AVG,transportlogistics
AVROIND,avroindia
AVSL,avslindustries
AVTNPL,edibleoilssolventextraction
AXISBANK,banksprivatesector
AXISGOLD,axisgoldetf
AXISBNKETF,etf
AXISBPSETF,axisbpsetf
AXISCADES,computerssoftwaremediumsmall
AXISCETF,axiscetf
AXISHCETF,axishcetf
AXISNIFTY,axisnifty
AXISTECETF,axistecetf
AXITA,textilescottonblended
AYMSYNTEX,textilesprocessing
BCP,cablespowerothers
BBTCL,bbtriplewall
BAFNAPH,pharmaceuticals
BAGFILMS,mediaentertainment
BAJAJ-AUTO,auto23wheelers
BAJAJCON,personalcare
BAJAJELEC,domesticappliances
BAJFINANCE,bajajfinance
BAJAJFINSV,financeinvestments
BAJAJHCARE,hospitalsmedicalservices
BAJAJHIND,sugar
BAJAJHLDNG,financeinvestments
BALPHARMA,pharmaceuticals
BALAMINES,chemicals
BALAJITELE,mediaentertainment
ISPATALLOY,steelmediumsmall
BALAXI,trading
BALKRISHNA,paper
BALKRISIND,tyres
BALLARPUR,paper
BALMLAWRIE,diversified
BALRAMCHIN,sugar
BALURTRANS,transportlogistics
BANARBEADS,miscellaneous
BANCOINDIA,autoancillaries
BANDHANBNK,banksprivatesector
BANG,textilesgeneral
BANKBARODA,bankspublicsector
BANKINDIA,bankspublicsector
MAHABANK,bankspublicsector
BANKA,miscellaneous
BANKBEES,bankbees
BASML,textilesgeneral
BANARISUG,sugar
BANSWRAS,textilesspinningsyntheticblended
BVCL,cementmajor
BARBEQUE,consumerfood
BARODARAYN,textilesmanmade
BARTRONICS,miscellaneous
BASF,chemicals
BATAINDIA,leatherproducts
BATLIBOI,engineering
BAYERCROP,pesticidesagrochemicals
EBBETF0425,miscellaneous
EBBETF0431,miscellaneous
BBETF0432,etf
BCIL-RE,chemicals
BCLIND,vanaspatioils
BEARD-RE,miscellaneous
BEARDSELL,miscellaneous
BECTORFOOD,consumerfood
BEDMUTHA,steelmediumsmall
BEML,infrastructuregeneral
BERGEPAINT,paintsvarnishes
BESTAGRO,bestagrolife
BECREL,electricequipment
BETA,pharmaceuticals
BEWLTD,miscellaneous
BFINVEST,financeinvestments
BFUTILITIE,powergenerationdistribution
BGRENERGY,infrastructuregeneral
EBBETF0423,miscellaneous
EBBETF0430,miscellaneous
BHAGERIA,dyespigments
BHAGCHEM,pesticidesagrochemicals
BAGWATIGAS,chemicals
BHAGYANGR,cablestelephone
BHAGYAPROP,miscellaneous
BHANDARI,textileshosieryknitwear
BEPL,petrochemicals
ICICIB22,bharat22etf
BBL,electricequipment
BDL,miscellaneous
BEL,electricals
BHARATFIN,financegeneral
BHARATFORG,castingsforgings
BHARATGEAR,autoancillaries
BGEAR-RE,autoancillaries
BHARATRAS,pesticidesagrochemicals
BRNL,infrastructuregeneral
BHARATWIRE,steelmediumsmall
BHARATIDIL,shipping
BGLOBAL,computerssoftware
AIRTELPP,telecommunicationsservices
AIRTEL-RE,telecommunicationsservices
BHARTIARTL,telecommunicationsservice
BIL,leatherproducts
BHEL,infrastructuregeneral
BUWALKASTL,steelmediumsmall
BIGBLOC,bigblocconstru
BIHARSPONG,steelspongeiron
BIKAJI,foodprocessing
BILENERGY,powergenerationdistribution
BILPOWER,metalsnonferrous
BIMETAL,bearings
BINANIIND,miscellaneous
BIOCON,pharmaceuticals
BIOFILCHEM,pharmaceuticals
BIRLACABLE,cablestelephone
BIRLACORPN,cementmajor
BIRLACOT,textilesspinningsyntheticblended
BSLGOLDETF,birlagoldetf
BIRLATYRE,birlatyres
BSOFT,computerssoftwaremediumsmall
BKMINDST,packaging
BLKASHYAP,blkashyap
BBOX,computerssoftware
BLBLIMITED,financeinvestments
BLISSGVS,pharmaceuticals
BLS,miscellaneous
BLUEBLENDS,textilesprocessing
BLUECHIP,financeinvestments
BLUECOAST,hotels
BLUEDART,couriers
BLUESTARCO,consumergoodswhitegoods
BLUESTINFO,computerssoftware
BODALCHEM,dyespigments
BTML,bodhitreemult
BODHTREE,computerssoftware
BOHRAIND,miscellaneous
BBTC,plantationsteacoffee
BOMDYEING,textilesprocessing
BMETRICS,groundfreightlogisticsservices
BRFL,textilesgeneral
BSHSL,miscellaneous
BOROLTD,glassglassproducts
BORORENEW,glassglassproducts
BOSCHLTD,autoancillaries
BPCL,refineries
BPL,consumergoodselectronic
BCONCEPTS,brandconcepts
BRANDHOUSE,retail
BRIGADE,constructioncontractingrealestate
BRIGHTBROS,plastics
BRIGHT,brightsolar
BCG,computerssoftwaremediumsmall
BRITANNIA,foodprocessing
BROADCAST,mediaentertainment
BIRET,constructionrealestate
BROOKS,pharmaceuticals
BSLIMITED,powertransmissionequipment
BSE,miscellaneous
BSELINFRA,bselinfra
BSL,textilesweaving
BURNPUR,cementmajor
BUTTERFLY,domesticappliances
CANDC,constructioncontractingcivil
CMAHENDRA,diamondcuttingjewellerypreciousmetals
CKFSL,miscellaneous
MAPMYINDIA,software
CCI,cablespowerothers
CADSYS,computerssoftwaremediumsmall
CAIRN,oildrillingandexploration
CALSOFT,computerssoftwaremediumsmall
CTE,computerssoftwaremediumsmall
CAMLINFINE,chemicals
CAMPUS,footwear
CAMS,cams
CANFINHOME,financehousing
CANBK,bankspublicsector
CRMFGETF,canararobeco
CANTABIL,retail
CAPACITE,capaciteinfra
CAPF,financegeneral
CAPTRUST,financeleasinghirepurchase
CAPLIPOINT,pharmaceuticals
CGCL,financegeneral
CAPRIHANS,plastics
CARBORUNIV,abrasives
CARERATING,miscellaneous
CAREERP,computerssoftwaretraining
CARTRADE,automobiledealersdistributors
CARYSIL,carysil
CASTEXTECH,autoancillaries
CASTROLIND,lubricants
CCCL,constructioncontractingcivil
CCL,plantationsteacoffee
CDSL,financeinvestments
CEATLTD,tyres
CEENIKEXPO,textilesreadymadeapparels
CELEBRITY,textilesreadymadeapparels
CELESTIAL,pharmaceuticals
CENTRALBK,bankspublicsector
CENTRUM,financegeneral
CENTUM,electricals
CENTURYTEX,diversified
CENTENKA,textilesmanmade
CENTEXT,aluminium
CENTURYPLY,miscellaneous
CERA,ceramicsgranite
CEREBRAINT,computershardware
CESC,powergenerationdistribution
CEATFIN,financeleasinghirepurchase
CROMPTON,electricals
CGPOWER,electricequipment
CHALET,hotels
CLSEL,foodprocessing
CHAMBLFERT,fertilisers
CHEMBOND,chemicals
CHEMCON,specialitychemicals
CHEMFAB,chemicals
CHEMPLASTS,specialitychemicals
CHENNPETRO,refineries
CHESLINTEX,textilesspinningcottonblended
CHEVIOT,miscellaneous
CHOICEIN,financegeneral
CHOLAHLDNG,miscellaneous
CHOLAFIN,cholainvest
CHOWGULSTM,shipping
CHROMATIC,dyespigments
CIGNITITEC,computerssoftwaremediumsmall
CNOVAPETRO,textilesmanmade
CIMMCO,diversified
CINELINE,mediaentertainment
CINEMAXIN,mediaentertainment
CINEVISTA,mediaentertainment
CIPLA,pharmaceuticals
CUB,banksprivatesector
CLEDUCATE,miscellaneous
CLNINDIA,dyespigments
CLASSIC,diamondcuttingjewellerypreciousmetals
CLEAN,specialitychemicals
CLUTCHAUTO,autoancillaries
CMC,computershardware
CMICABLES,cablestelephone
CMMIPL,miscellaneous
CMSINFO,software
COALINDIA,miningminerals
COAST-RE,consumerfood
COASTCORP,consumerfood
COASTPP,consumerfood
COCHINSHIP,cochinshipyard
COFFEEDAY,foodprocessing
COFORGE,computerssoftware
COLPAL,personalcare
COMP-RE,software
COMPACDISC,consumergoodselectronic
COMPINFO,computershardware
COMPUSOFT,computerssoftwaremediumsmall
CONFIPET,miscellaneous
CONSOFINVT,financegeneral
CONSUMBEES,consumbees
CONCOR,transportlogistics
CONTI,miscellaneous
CONTROLPR,trading
COOLCAPS,plasticspetbottelsjarscontainers
CORALFINAC,financehousing
CORDSCABLE,cablespowerothers
COREEDUTEC,computerssoftwaretraining
COROENGG,engineering
COROMANDEL,fertilisers
CORPBANK,bankspublicsector
COSMOFIRST,plastics
CCHHL,hotels
COUNCODOS,countrycondos
COX&KINGS,miscellaneous
CPSEETF,cpseetf
CRAFTSMAN,engineering
CRANESSOFT,computerssoftwaremediumsmall
CREATIVEYE,mediaentertainment
CREATIVE,miscellaneous
CREDITACC,creditaccessgr
CRESTANI,mediaentertainment
CREST,financehousing
CREWBOS,leatherproducts
CRISIL,miscellaneous
CROWN,diversified
CSBBANK,banksprivatesector
CSLFINANCE,financeleasinghirepurchase
CUBEXTUB,metalsnonferrous
CUMMINSIND,engines
CUPID,miscellaneous
CURATECH,computerssoftwaremediumsmall
CYBERMEDIA,mediaentertainment
CMRSL,miscellaneous
CYBERTECH,computerssoftwaremediumsmall
CYIENT,computerssoftware
DPWIRES,consumergoodselectronic
DLINKINDIA,computershardware
DPABHUSHAN,miscellaneous
DKEGL,packagingpackagingmaterials
DABUR,personalcare
DAICHIKARK,chemicals
DALBHARAT,cementmajor
DALMIASUG,sugar
DAMODARIND,textilesspinningsyntheticblended
DANGEE,dangeedums
DATAPATTNS,aerospacedefence
DATAMATICS,computerssoftwaremediumsmall
DBSTOCKBRO,financegeneral
DBCORP,mediaentertainment
DBREALTY,constructioncontractingrealestate
DBOL,sugar
DCBBANK,banksprivatesector
DCI,miscellaneous
DCM,textilesspinningcottonblended
DCMFINSERV,financeleasinghirepurchase
DCMSHRIRAM,diversified
DCMSRIND,sugar
DCW,petrochemicals
DCXINDIA,miscellaneous
DENORA,electricequipment
DIL,debockind
DECCANCE,cementmini
DCHL,mediaentertainment
DECOLIGHT,ceramicsgranite
DEEPENR,oildrillingandexploration
DEEPINDS,oilexplorationproduction
DEEPAKFERT,fertilisers
DEEPAK-RE,fertilizers
DEEPAKNTR,chemicals
DEEPAKSPIN,textilesspinningsyntheticblended
DELHIVERY,courierservices
DELPHIFX,financeinvestments
DELTAMAGNT,electricals
DELTACORP,constructioncontractingrealestate
DEN,mediaentertainment
DENABANK,bankspublicsector
DESTINY,logistics
DEVIT,computerssoftware
DEVYANI,consumerfood
DHFL,financehousing
DFMFOODS,foodprocessing
DHAMPURSUG,sugar
DHANIPP,financeinvestment
DHANI,financeinvestments
DHANBANK,banksprivatesector
DHANUKA,pesticidesagrochemicals
DRL,constructioncontractingrealestate
DHANUS,computerssoftwaremediumsmall
DHARSUGAR,sugar
DHRUV,constructioncontractingrealestate
DHUNINV,financegeneral
DTIL,plantationsteacoffee
DVL,petrochemicals
DIAPOWER,cablespowerothers
DICIND,printingstationery
DGCONTENT,digicontent
DIGISPICE,telecommunicationsequipment
DIGJAMLMTD,textileswoollenworsted
DNAMEDIA,mediaentertainment
DBL,constructioncontractingcivil
FORTISFIN,computerssoftwaremediumsmall
GEORGFISCH,engineeringheavy
DISHTV,mediaentertainment
DCAL,miscellaneous
DPC02,pharmaceuticals
DIVISLAB,pharmaceuticals
DIVOPPBEES,divoppbees
DIXON,electricals
DLF,constructioncontractingrealestate
DMCC,dmcc
DCMNVL,dnl
DODLA,consumerfood
DOLATALGO,dolatalgotech
DOLLAR,textilesreadymadeapparels
DOLPHINOFF,oildrillingandexploration
DONEAR,textilesweaving
PRECIMDIAM,computerssoftware
DPSCLTD,powergenerationdistribution
DQE,mediaentertainment
DRDATSONS,pharmaceuticals
LALPATHLAB,pharmaceuticals
DRREDDY,pharmaceuticals
DRCSYSTEMS,software
DREAMFOLKS,aerospacedefence
DREDGECORP,miscellaneous
DRSDILIP,drsdiliproadl
DSKULKARNI,constructioncontractinghousing
KEEPLEARN,dsjkeeplearn
LIQUIDETF,dspliquidetf
DSPN50ETF,etf
DSPNEWETF,etf
DSPQ50ETF,etf
DUCON,computerssoftware
DUGLOBAL,duglobal
DUNCANSLTD,plantationsteacoffee
DUNLOP,tyres
DWARKESH,sugar
DSSL,computerssoftwaremediumsmall
DYNAMATECH,pumps
DYCL,cablespowerothers
DYNAMIC,electronicscomponents
DYNPRO,dyespigments
DYNPRO-RE,dyespigments
DYNPROPP,dyespigments
ELAND,textilesweaving
E2E,itservicesconsulting
ESTCSTSTEL,steelmediumsmall
EASTSILK,textilessyntheticsilk
EASTSUGIND,sugar
EASUNREYRL,electricequipment
EASEMYTRIP,travelservices
ECEIND,electricals
ECLERX,computerssoftwaremediumsmall
WESTERNBIO,engineering
EDELWEISS,financegeneral
EBANK,edelweissetf
NIFTYEES,edelweissnifty
EDUCOMP,computerssoftwaretraining
EICHERMOT,autolcvshcvs
EIDPARRY,sugar
EIHOTEL,hotels
EIHAHOTELS,hotels
EIMCOELECO,engineeringheavy
ELFORGE,castingsforgings
DRBECK,chemicals
ELDEHSG,eldecohousing
ELDERPHARM,pharmaceuticals
ELECON,engineeringheavy
EMIL,miscellaneous
ELECTCAST,castingsforgings
ELECTROSL,steelmediumsmall
ELECTHERM,engineering
ELGIEQUIP,compressors
ELGIRUBCO,tyres
ELNET,constructioncontractingcivil
ELPROINTL,electricequipment
EMAMILTD,personalcare
EMAMIPAP,paper
EMAMIREAL,constructioncontractingrealestate
EMBASSY,constructionrealestate
EMCO,electricequipment
EMKAY,financegeneral
EMKAYTOOLS,engineering
EMMBI,packaging
EDL,breweriesdistilleries
EMPEESUG,sugar
KRISHIVAL,miscellaneous
EMUDHRA,miscellaneous
ENDURANCE,auto23wheelers
ENGINERSIN,infrastructuregeneral
ENKTEXFOOD,textilesprocessing
ENIL,mediaentertainment
ENTEGRA,powergenerationdistribution
KIRLOSELEC,electricequipment
EON,electricequipment
EPL,packaging
PROINDIA,computerssoftwaremediumsmall
EQUITASBNK,bankprivate
EQUITAS,financegeneral
ERAINFRA,infrastructuregeneral
ERIS,pharmaceuticalsdrugs
EROSMEDIA,mediaentertainment
ESABINDIA,electrodesgraphite
ESCORTSFIN,financeleasinghirepurchase
ESCORTS,escortskubota
SHREEKRPET,textilesmanmade
ESSDEE,packaging
ESSAROIL,refineries
ESSARPORTS,infrastructuregeneral
ESSARSHPNG,shipping
ESSEN-RE,miscellaneous
ESSEN-RE1,miscellaneous
ESTER,packaging
ETHOSLTD,watchesaccessories
EUROCERA,ceramicsgranite
EIFFL,foodprocessing
EUROBOND,aluminiumaluminiumproducts
EUROMULTI,computershardware
EUROTEXIND,textilesspinningcottonblended
EVEREADY,drycells
EVERESTIND,cementproductsbuildingmaterials
EKC,packaging
EVERONN,computerssoftwaretraining
EXCELINDUS,chemicals
EXCELCROP,pesticidesagrochemicals
EXCEL,computerssoftwaremediumsmall
EXIDEIND,autoancillaries
EXPLEOSOL,computerssoftware
EXXARO,ceramicsmarblegranitesanitaryware
FAIRCHEMOR,specialitychemicals
FALCONTYRE,tyres
FARMAXIND,trading
FAZE3Q,textilesspinningcottonblended
FCSSOFT,computerssoftwaremediumsmall
FDC,pharmaceuticals
FEDDERELEC,consumergoodswhitegoods
FEDERALBNK,banksprivatesector
FMGOETZE,autoancillaries
FELIX,miscellaneous
FERROALLOY,miningminerals
FACT,fertilisers
FGPIND,glassglassproducts
FIBERWEB,plastics
FIDEL,itservicesconsulting
FIEMIND,autoancillaries
FILATEX,textilesmanmade
FINEORG,miscellaneous
FCL,fineotexchem
FINOPB,finopayments
FINCABLES,cablestelephone
FINPIPE,petrochemicals
FIRSTWIN,textilesgeneral
FSL,computerssoftwaremediumsmall
FIVESTAR,miscellaneous
FLEXITUFF,packaging
FOCE,retailing
FOCUS,miscellaneous
FORBESGOK,textilesspinningcottonblended
FORCEMOT,autolcvshcvs
FORTIS,hospitalsmedicalservices
FOSECOIND,chemicals
FKONCO,pharmaceuticals
FROG,miscellaneous
NYKAA,miscellaneous
FULFORD,pharmaceuticals
FUSION,financeothers
FCONSUMER,foodprocessing
FEL,retail
FELDVR,miscellaneous
FLFL,retail
FMNL,miscellaneous
FRETAIL,retail
FSC,transportlogistics
GRINFRA,constructioninfrastructure
GABRIEL,autoancillaries
GAIL,oildrillingandexploration
GALPOWTEL,cablespowerothers
GALAXYSURF,miscellaneous
GALLANTT,gallanttispat
GALLISPAT,steelspongeiron
GAMMONIND,constructioncontractingcivil
GANDHITUBE,steeltubespipes
GANESHBE,chemicals
SGFL,castingsforgings
GANESHHOUC,constructioncontractinghousing
GANECOS,textilesprocessing
GANGAFORGE,gangaforging
GANGESSECU,financegeneral
GANGOTRI,textilesspinningcottonblended
GRSE,engineeringheavy
GARDENSILK,textilesweaving
GARFIBRES,textilesgeneral
GDL-RE,gatewaydistre
GATEWAY,miscellaneous
GATI,couriers
GAYAHWS,engineeringconstruction
GAYAPROJ,constructioncontractingcivil
GBGLOBAL,textilesgeneral
GEPIL,powertransmissionequipment
GESHIP,shipping
GET&D,powertransmissionequipment
GEECEE,geeceeventures
GEEKAYWIRE,consumergoodselectronic
GEINDSYS,engineering
GEMSPIN,textilesspinningcottonblended
GEMINI,telecommunicationsequipment
GICRE,diversified
GENCON,miscellaneous
GENESYS,computerssoftwaremediumsmall
GENUSPAPER,paper
GENUSPOWER,electricals
GEOJITFSL,financegeneral
GEOMETRIC,computerssoftware
GFLLIMITED,chemicals
GISOLUTION,computerssoftwaremediumsmall
GICHSGFIN,financehousing
GILLANDERS,diversified
GILLETTE,personalcare
GILT5YBEES,gilt5ybees
GINNIFILA,textilesspinningcottonblended
NARMADASUG,sugar
GIRIRAJ,cementmajor
GITANJALI,diamondcuttingjewellerypreciousmetals
GKB,personalcare
GKWLIMITED,fasteners
GLAND,pharmaceuticalsdrugs
GSKCONS,foodprocessing
GLAXO,pharmaceuticals
GLENMARK,pharmaceuticals
GLS,pharmaceuticalsdrugs
GLOBAL,iteducation
MEDANTA,hospitalhealthcareservices
GLOBOFFS,shipping
GLOBALVECT,transportlogistics
GICL,diversified
GLOBE,textilesgeneral
GSTL,itservicesconsulting
KARUNACAB,cablespowerothers
GLOBUSSPR,breweriesdistilleries
GLODYNE,computerssoftwaremediumsmall
GLORY,packaging
GMBREW,breweriesdistilleries
GMMPFAUDLR,engineeringheavy
GMRINFRA,infrastructuregeneral
GMRP&UI,powergenerationdistribution
GNA,autoancillaries
GNFC,fertilisers
GOCOLORS,retailing
GOACARBON,petrochemicals
GOCLCORP,chemicals
GPIL,steelspongeiron
GODFRYPHLP,cigarettes
GODHA,electronicscomponents
GODREJAGRO,miscellaneous
GODREJCP,personalcare
GODREJIND,personalcare
GODREJPROP,constructioncontractingrealestate
GOENKA,diamondcuttingjewellerypreciousmetals
GOKEX,textilesreadymadeapparels
GOKULAGRO,edibleoilssolventextraction
GOKUL,edibleoilssolventextraction
GTOFFSHORE,shipping
GOLCRESFIN,financegeneral
GOLDENTOBC,cigarettes
GOLDIAM,diamondcuttingjewellerypreciousmetals
GOLDSTAR,electricals
GOLDTECH,computerssoftwaremediumsmall
GONTERPEIP,castingsforgings
GOODLUCK,steeltubespipes
GOODRICKE,plantationsteacoffee
GOODYEAR,tyres
GOVINRUBER,tyres
GOYALALUM,trading
GULFPETRO,lubricants
GPTINFRA,constructioncontractingcivil
GFSTEELS,grandfoundry
GRANULES,pharmaceuticals
GRAPHITE,electrodesgraphite
GRASIM,diversified
GRAUWEIL,chemicals
GRAVITA,metalsnonferrous
GREAVESCOT,engines
GREENLAM,miscellaneous
GREENPANEL,greenpanelind
GREENPLY,miscellaneous
GRETEX,textilesreadymadeapparels
GRINDWELL,abrasives
GRMOVER,foodprocessing
GRPLTD,rubber
GRUH,financehousing
GRWRHITECH,packaging
GSFC,fertilisers
GSLNOVA,textilesmanmade
GSS,computerssoftwaremediumsmall
GTL,telecommunicationsequipment
GTLINFRA,telecommunicationsequipment
GTNIND,textilesspinningcottonblended
GTNTEX,textilesgeneral
GTPL,mediaentertainment
GUFICBIO,pharmaceuticals
GUJALKALI,chemicals
GAEL,gujambexports
GUJBOROSIL,glassglassproducts
GUJCOTEX,textilesprocessing
GHCL,chemicals
GIPCL,powergenerationdistribution
GLFL,financeleasinghirepurchase
GMDCLTD,miningminerals
GUJNREDVR,miscellaneous
GUJNRECOKE,miningminerals
GUJRAFFIA,packaging
GSCLCEMENT,cementmajor
GUJSTATFIN,financetermlendinginstitutions
GSPL,oildrillingandexploration
GUJTHEMIS,pharmaceuticals
GUJAPOLLO,engineeringheavy
FLUOROCHEM,chemicals
GUJGASLTD,oildrillingandexploration
GPPL,shipping
GULFOILLUB,lubricants
GULPOLY,chemicals
GVKPIL,powergenerationdistribution
GAL,steelspongeiron
HANUNG,miscellaneous
HAPPSTMNDS,computerssoftware
HARDWYN,aluminium
HARIAEXPO,textilesreadymadeapparels
HARIOMPIPE,ironsteel
HARITASEAT,autoancillaries
HARRMALAYA,plantationsteacoffee
HARSHA,engineeringindustrialequipments
HARYANSHET,glassglassproducts
HATHWAY,mediaentertainment
HATSUN,foodprocessing
HAVELLS,electricequipment
HAWKINCOOK,domesticappliances
HBPORT,financeinvestments
HBSL,financeleasinghirepurchase
HBLPOWER,electricequipment
HCL-INSYS,computershardware
HCLTECH,computerssoftware
HDFC,financehousing
HDFCAMC,financeinvestments
HDFCBANK,banksprivatesector
HBANKETF,hdfcbankinget
HDFCMFGETF,hdfcgoldetf
HDFCLIFE,lifehealthinsurance
HDFCNIFETF,hdfcniftyetf
HDFCSENETF,hdfcsensexetf
HDFCSILVER,etf
HDIL,constructioncontractingrealestate
HEADSUP,headsupvent
HCG,hospitalsmedicalservices
HECPROJECT,engineering
HEG,electrodesgraphite
HEIDELBERG,cementmajor
HELIOSMATH,computerssoftwaremediumsmall
HEMIPROP,hemisphere
HERANBA,pesticidesagrochemicals
HERCULES,engineering
HERITGFOOD,foodprocessing
HEROMOTOCO,auto23wheelers
HESTERBIO,pharmaceuticals
HEXATRADEX,financeinvestments
HEXAWARE,computerssoftware
HFCL,telecommunicationsequipment
HIMGRANITE,ceramicsgranite
HGINFRA,infrastructuregeneral
HITECH,steeltubespipes
HIGHGROUND,trading
HIKAL,pharmaceuticals
HIL,cementproductsbuildingmaterials
HILTON,castingsforgings
HILTON-RE,miscellaneous
HSCL,chemicals
HIMATSEIDE,textilessyntheticsilk
HINDCOMPOS,autoancillaries
HCC,constructioncontractingcivil
HINDCOPPER,metalsnonferrous
HINDDORROL,engineering
HINDIND,foodprocessing
HINDMOTORS,autocarsjeeps
HINDNATGLS,glassglassproducts
HOCL,chemicals
HIRECT,electricals
HINDSYNTEX,textilesspinningsyntheticblended
HINDTINWRK,packaging
HINDZINC,metalsnonferrous
HINDALCO,hindalco
HINDCON,chemicals
HPIL,diversified
HINDUJAFO,castingsforgings
HGS,computerssoftware
HAL,diversified
HNDFDS,foodprocessing
HMVL,mediaentertainment
HINDWAREAP,hindwareap
HIRAFERRO,miningminerals
HISARMETAL,steelmediumsmall
POWERINDIA,hitachienergy
HITECHCORP,plastics
HLEGLAS,glassglassproducts
HLVLTD,hotels
HMT,autotractors
HINDOILEXP,oildrillingandexploration
HOMEFIRST,financehousing
HONDAPOWER,electricequipment
HONAUT,telecommunicationsequipment
HOVS,computerssoftwaremediumsmall
HPAL,hpadhesives
HINDPETRO,refineries
HPIL,miscellaneous
HPL,electricequipment
HTMEDIA,mediaentertainment
HUBTOWN,constructioncontractingrealestate
HUDCO,constructioncontractingrealestate
HUHTAMAKI,packaging
HINDUNILVR,personalcare
IBMFNIFTY,miscellaneous
ICDSLTD,financeleasinghirepurchase
ICEMAKE,miscellaneous
ICICIBANK,banksprivatesector
ICICIGI,icicilombard
ICICIPRULI,financegeneral
ISEC,miscellaneous
ICICI5GSEC,etf
ICICIALPLV,icicialplv
ICICIAUTO,etf
ICICIBANKN,icicibankn
ICICIBANKP,icicibankp
ICICICONSU,iciciconsu
ICICIFMCG,icicifmcg
ICICILIQ,iciciliq
ICICILOVOL,icicilovol
ICICIM150,icicim150
ICICIMCAP,icicimcap
ICICINIFTY,icicinifty
ICICINV20,icicinv20
ICICIPHARM,icicipharm
ICICISENSX,icicisensx
ICICISILVE,etf
ICICITECH,icicitech
ICRA,miscellaneous
ICSA,computerssoftware
IDBI,idbibank
ABCEDSWA,idbigoldetf
IDBIGOLD,idbigoldetf
IDFC,financetermlendinginstitutions
IDFCFIRSTB,banksprivatesector
IDFNIFTYET,financeinvestments
IEX,diversified
IFBAGRO,breweriesdistilleries
IFBIND,consumergoodswhitegoods
IFCI,financetermlendinginstitutions
IFGLEXPOR,cementproductsbuildingmaterials
IGPL,chemicals
IGARASHI,electricequipment
IGL,oildrillingandexploration
IIFL,financegeneral
IVC,financeinvestments
IL&FSENGG,constructioncontractingcivil
IL&FSTRANS,infrastructuregeneral
IMAGICAA,imagicaaworld
RUCHISTRIP,steelcrhrstrips
INDLMETER,electricequipment
IMPEXFERRO,miningminerals
INCREDIBLE,steelmediumsmall
IMPAL,trading
INDTRADECO,trading
INDSWFTLTD,pharmaceuticals
INDSWFTLAB,pharmaceuticals
INDBANK,financegeneral
INDIACEM,cementmajor
INDIAGLYCO,chemicals
IGRID-RE,powergenerationdistribution
INDIALEASE,financeleasinghirepurchase
INDNIPPON,autoancillaries
IPL,pesticidesagrochemicals
ISIBARS,steelmediumsmall
OSWALSUG,sugar
ITDC,hotels
IBULHSGFIN,financehousing
IBREALEST,constructioncontractingrealestate
INDIAMART,miscellaneous
INDIANACRY,textilesmanmade
INDIANB,bankspublicsector
INDIANCARD,textilesmachinery
IHCL-RE,hotelresortrestaurants
INDHOTEL,hotels
INDIANHUME,cementproductsbuildingmaterials
IMFA,miningminerals
INDTERRAIN,textilesreadymadeapparels
INDIGOPNTS,paints
INDIGRID,powergenerationdistribution
INDINFR,miscellaneous
INDOAMIN,chemicals
INDOBORAX,chemicals
ICIL,textilesspinningcottonblended
INDORAMA,textilesspinningsyntheticblended
INDOTECH,powertransmissionequipment
INDOTHAI,financegeneral
NIPPOBATRY,drycells
INDOCO,pharmaceuticals
INDOKEM,dyespigments
INDOSOLAR,miscellaneous
INDOSTAR,financegeneral
INDOWIND,powergenerationdistribution
INDRAMEDCO,hospitalsmedicalservices
INDUSFILA,textilesprocessing
INDUSTOWER,telecommunicationsequipment
INDUSINDBK,banksprivatesector
IITL,financeinvestments
INEOSSTYRO,petrochemicals
INFIBEAM,miscellaneous
INFINITE,computerssoftware
INFODRIVE,computerssoftwaremediumsmall
NAUKRI,miscellaneous
INFOBEAN,computerssoftwaremediumsmall
INFOMEDIA,printingstationery
INFY,computerssoftware
INFRABEES,infrabees
INGVYSYABK,banksprivatesector
INGERRAND,compressors
INNOVANA,computerssoftware
INNOVATIVE,miscellaneous
INNOIND,steeltubespipes
INOXLEISUR,mediaentertainment
INOXWIND,powergenerationdistribution
IWEL,powergenerationdistribution
INOXGREEN,miscellaneous
INSECTICID,pesticidesagrochemicals
INSILCO,chemicals
INSPIRISYS,computerssoftwaremediumsmall
SUBCAPCITY,intconstructio
ESSENTIA,integraessenti
IPSL,miscellaneous
INTELLECT,computerssoftware
INTENTECH,computerssoftwaremediumsmall
INDIGO,transportlogistics
INTLCONV,miscellaneous
INTLTRAVHS,miscellaneous
ISFT,retail
INVENTURE,financeinvestments
IVZINGOLD,invescogetf
IVZINNIFTY,invescoindian
IOB,bankspublicsector
IOC,refineries
IOLCP,pharmaceuticals
IONEXCHANG,engineering
IPRINGLTD,autoancillaries
IPCALAB,pharmaceuticals
ICICI500,iprubse500etf
ICICIGOLD,iprugoldetf
ICICINF100,iprunf100etf
ICICINXT50,iprunxt50etf
IRB,infrastructuregeneral
IRBINVIT,constructioncontractingcivil
IRCON,engineeringheavy
IRCTC,miscellaneous
IRFC,financenbfc
IRIS,irisbusinesss
IRISDOREME,irisclothings
ISGEC,engineeringheavy
ISHAN,engineeringindustrialequipments
IIFLSEC,isl
ISMTLTD,steelrolling
ITBEES,itbees
ITC,itc
ITDCEM,constructioncontractingcivil
ITI,telecommunicationsequipment
IVP,vanaspatioils
IVRCLINFRA,constructioncontractingcivil
IIFLWAM,iwml
IZMO,computerssoftwaremediumsmall
JKIL,constructioncontractingcivil
JKCEMENT,cementmajor
JAGAJITIND,breweriesdistilleries
JAGRAN,mediaentertainment
JAGSNPHARM,pharmaceuticals
JAIBALAJI,steelspongeiron
JAICORPLTD,steelgpgcsheets
JAIHINDPRO,constructioncontractingcivil
JISLJALEQS,plastics
JAINSTUDIO,mediaentertainment
JAINAM,ferromanganese
JPASSOCIAT,infrastructuregeneral
JPPOWER,powergenerationdistribution
JALAN,transportlogistics
JAMNAAUTO,autoancillaries
JASCHIND,plastics
JASH,diversified
JAYBARMARU,autoancillaries
KORE,retailing
JAYAGROGN,chemicals
JAYNECOIND,castingsforgings
JKSYNTHETC,textilesmanmade
JPINFRATEC,infrastructuregeneral
JAYSREETEA,plantationsteacoffee
JAYDYSTUF,dyespigments
JBCHEPHARM,pharmaceuticals
JBFIND,textilesmanmade
JBMA,autoancillaries
JCT,textilescompositemills
JCTEL,electricals
JDORGOCHEM,dyespigments
JSLL,pharmaceuticalsdrugs
JENSONICOL,paintsvarnishes
JETAIRWAYS,transportlogistics
JETFREIGHT,miscellaneous
JETKNIT,textilesreadymadeapparels
JEYPORE,sugar
JFLLIFE,pharmaceuticalsdrugs
JHS,personalcare
JIKIND,trading
JSLHISAR,steellarge
JINDCOT,textilesspinningcottonblended
JINDRILL,oildrillingandexploration
JINDALPHOT,consumergoodselectronic
JPOLYINVST,financegeneral
JINDALPOLY,packaging
JINDALSAW,steeltubespipes
JSL,steelmediumsmall
JINDALSTEL,steelspongeiron
JINDWORLD,textilesgeneral
JISLDVREQS,miscellaneous
JITFINFRA,miscellaneous
JIYAECO,miscellaneous
J&KBANK,banksprivatesector
JKLAKSHMI,cementmajor
JKPAPER,paper
JKTYRE,tyres
JMFINANCIL,financeinvestments
JMCPROJECT,constructioncontractingcivil
JMTAUTOLTD,autoancillaries
JOCIL,chemicals
FLATPROD,engineeringheavy
JCHAC,consumergoodswhitegoods
JSWENERGY,powergenerationdistribution
JSWHL,financeinvestments
JSWISPL,steelspongeiron
JSWSTEEL,steellarge
JTEKTINDIA,autoancillaries
JTLIND,jtlind
JUBLFOOD,miscellaneous
JUBLINDS,miscellaneous
JUBLINGREA,jubilanting
JUBLPHARMA,pharmaceuticals
JMA,autoancillaries
JUMBO,packaging
JUNIORBEES,juniorbees
JWL,engineering
JUSTDIAL,miscellaneous
JVLAGRO,vanaspatioils
JYOTHYLAB,personalcare
JYOTISTRUC,powertransmissionequipment
KABRAEXTRU,engineeringheavy
KAJARIACER,ceramicsgranite
KAKATCEM,cementmini
KALINDEE,engineering
KALPATPOWR,powertransmissionequipment
KALYANKJIL,diamondjewellery
KALYANI,autoancillaries
KALYANIFRG,castingsforgings
KICL,financeinvestments
KSL,steelrolling
KAMATHOTEL,hotels
KAMDHENU,steelmediumsmall
KANANIIND,diamondcuttingjewellerypreciousmetals
KANDAGIRI,textilesspinningcottonblended
KANDARP,miscellaneous
KANELOIL,edibleoilssolventextraction
KANORICHEM,chemicals
KANPRPLA,packaging
KANSAINER,paintsvarnishes
KAPSTON,kapstonservice
KARMAENG,powergenerationdistribution
KTKBANK,banksprivatesector
KARURKCP,packaging
KARURVYSYA,banksprivatesector
KGL,miscellaneous
KAUSHALYA,constructioncontractingcivil
KSCL,miscellaneous
KAVVERITEL,telecommunicationsequipment
KAYA,miscellaneous
KAYNES,miscellaneous
KBCGLOBAL,kbcglobal
KCK,textilesapparel
KCP,cementmajor
KCPSUGIND,sugar
KDDL,miscellaneous
KDDL-RE,miscellaneous
KEC,powertransmissionequipment
KEERTI,computerssoftware
KEI,cablespowerothers
KELLTONTEC,computerssoftwaremediumsmall
KEMROCK,plastics
KENNAMET,machinetools
KERNEX,computerssoftwaremediumsmall
KESARENT,sugar
KTIL,miscellaneous
KESORAMIND,diversified
KIL-RE,diversified
KKCL,retail
KEYFINSERV,financegeneral
KGDENIM,textilesdenim
KHADIM,leatherproducts
KHAITANLTD,trading
KHAICHEM,fertilisers
KHAITANELE,domesticappliances
KHANDSE,financegeneral
KHFM,khfmhospitalit
KILBUNENGG,engineeringheavy
KILITCH,pharmaceuticals
KINETICENG,auto23wheelers
KINGFA,plastics
KFA,transportlogistics
KIOCL,steelspongeiron
KIRIINDUS,dyespigments
KECL,electricequipment
KIRLOSBROS,pumps
KIRLFER,steelpigiron
KIRLOSIND,kirloskarind
KBIL,financegeneral
KIRLOSENG,engines
KGKHOSLA,compressors
KITEX,textilesreadymadeapparels
KJMCFIN,kjmcfinser
KKVAPOW,powergenerationdistribution
KLRF,foodprocessing
KMSUGAR,sugar
KNAGRI,vegetableoilsproducts
KNRCON,constructioncontractingcivil
KOHINOOR,foodprocessing
KOKUYOCMLN,diversified
KOLTEPATIL,constructioncontractingrealestate
KOPRAN,pharmaceuticals
PHILCORP,foodprocessing
KOTAKALPHA,etf
KOTAKBKETF,kotakbketf
KOTAKIT,etf
KOTAKBANK,banksprivatesector
KOTAKGOLD,kotakmfgetf
KOTAKNIFTY,kotakniftyetf
KOTAKNV20,kotaknv20etf
KOTAKPSUBK,kotakpsubketf
KOTHARIPET,trading
KOTHARIPRO,cigarettes
KOTARISUG,sugar
KOTYARK,renewables
KOVAI,hospitalsmedicalservices
KPIGREEN,kpigreen
KPITTECH,kpittech
KPRMILL,textilesreadymadeapparels
KRBL,foodprocessing
KREBSBIO,pharmaceuticals
KRIDHANINF,miscellaneous
KRISHANA,miscellaneous
KRISHNADEF,krishnadefence
KRISNAFILA,textilesmanmade
KIMS,hospitalhealthcareservices
SHREEKRPOL,textileshosieryknitwear
KRITI,plastics
KRITINUT,edibleoilssolventextraction
KRITIKA,kritikawires
KRSNAA,hospitalhealthcareservices
KSOILS,edibleoilssolventextraction
KSB,pumps
KSE,edibleoilssolventextraction
KSHITIJPOL,kshitijpolylin
KSK,powergenerationdistribution
KSOLVES,software
KSERASERA,mediaentertainment
KUANTUM,paper
KWALITY,foodprocessing
L&TFH,financeinvestments
LTI,computerssoftware
LTTS,lttechnology
L&TFH-RE,financeinvestment
LAOPALA,glassglassproducts
LAGNAM,lagnamspintex
LAKSELECON,electricequipment
LAKSHMIEFL,foodprocessing
LFIC,financegeneral
LAXMIMACH,textilesmachinery
LAKSHMIMIL,textilescompositemills
LAKPRE,fasteners
LAKSHVILAS,banksprivatesector
LAMBODHARA,textilesspinningcottonblended
LITL,infrastructuregeneral
LPDC,constructioncontractingrealestate
LT,infrastructuregeneral
LASA,miscellaneous
LATENTVIEW,itservicesconsulting
LATTEYS,pumps
LAURUSLABS,pharmaceuticals
LAXMICOT,miscellaneous
LXCHEM,specialitychemicals
LCCINFOTEC,computerssoftwaremediumsmall
LEMERITE,textiles
LEEL,consumergoodswhitegoods
LEMONTREE,hotels
LEXUS,miscellaneous
LGBBROSLTD,autoancillaries
LGBFORGE,castingsforgings
LIBAS,miscellaneous
LIBERTSHOE,leatherproducts
LICHSGFIN,financehousing
LICI,licindia
LICNFNHGP,financeinvestments
LICNETFN50,licnifty
LICNETFSEN,licsensexetf
LICNETFGSC,licmfgseclt
LIKHITHA,infrastructure
LINC,linc
LINCOLN,pharmaceuticals
LINDEINDIA,chemicals
LIQUIDBEES,liquidbees
LKPMERFIN,financeleasinghirepurchase
LLOYDFIN,financeleasinghirepurchase
LLOYDS,miscellaneous
LLOYDMETAL,steelspongeiron
LSIL,steelmediumsmall
LML,auto23wheelers
LOKHSG,constructioncontractinghousing
LOKESHMACH,machinetools
MODIALKALI,chemicals
LOTUSEYE,hospitalsmedicalservices
LOVABLE,textilesreadymadeapparels
LOYALTEX,textilescompositemills
DAAWAT,ltfoods
LTGILTBEES,ltgiltbees
LUMAXAUTO,autoancillaries
LUMAXTECH,autoancillaries
LUMAXIND,autoancillaries
STRAUSIND,computerssoftwaremediumsmall
LUPIN,pharmaceuticals
LUXIND,textilesprocessing
LYKALABS,pharmaceuticals
LYPSAGEMS,diamondcuttingjewellerypreciousmetals
MKPL,miscellaneous
M&M,autocarsjeeps
M&MFIN,mmfinancial
M&MFIN-RE,mmfsre
MAANALU,aluminium
MACPOWER,machinetools
LODHA,constructionresidentialcommercialcomplexes
MCL,madhavcopper
MADHAV,ceramicsgranite
MADHUCON,constructioncontractingcivil
MADHURFOOD,miscellaneous
MADSUDIND,vanaspatioils
MBAPL,diversified
MPTODAY,mediaentertainment
MADRASFERT,fertilisers
MAESGETF,etf
MAFATLAIND,textilescompositemills
MAGADSUGAR,sugar
MAGNUM,paper
MAHSCOOTER,auto23wheelers
MAHSEAMLES,steeltubespipes
MAHAPEXLTD,financeleasinghirepurchase
MHLXMIRU,rubber
MAHASTEEL,steelcrhrstrips
MGL,refineries
MAHESHWARI,miscellaneous
MAHICKRA,dyespigments
MAHINDCIE,castingsforgings
MHRIL,hotels
MAHLIFE,constructioncontractingcivil
MAHLOG,diversified
MAHINDUGIN,steelmediumsmall
MAHKTECH,etf
MAITHANALL,miningminerals
MAJESAUTO,auto23wheelers
MAKS,engineering
MALLCOM,miscellaneous
MALUPAPER,paper
MALWACOTT,textilesspinningcottonblended
MAM150ETF,etf
MAMFGETF,etf
MANINDS,steeltubespipes
MANINFRA,constructioncontractingcivil
MAN50ETF,man50etf
MANAKSIA,steelrolling
MANAKALUCO,aluminium
MANAKCOAT,steelmediumsmall
MANAKSTEEL,steellarge
MANALIPETC,petrochemicals
MANAPPURAM,financeleasinghirepurchase
MANAV,constructioncontractingcivil
MAFSETF,etf
MANGLMCEM,cementmajor
MANGALAM,pharmaceuticals
MGEL,mangalamglobal
MANORG,chemicals
MANGTIMBER,miscellaneous
MWL,ironsteel
MANGCHEFER,fertilisers
MANJEERA,constructioncontractingrealestate
MANJUSHREE,packaging
MANORAMA,foodprocessing
MANPASAND,foodprocessing
MANUGRAPH,engineering
MANXT50,miscellaneous
MARALOVER,textilesspinningcottonblended
MARATHON,constructioncontractingrealestate
MARG,constructioncontractinghousing
MARICO,personalcare
MAKE,miscellaneous
MARINE,marineelectric
MARKSANS,pharmaceuticals
MARSHALL,engineeringindustrialequipments
MARUTI,autocarsjeeps
MDL,diversified
MASFIN,financegeneral
MASKINVEST,financegeneral
MASPTOP50,etf
MASTEK,computerssoftware
MATRIMONY,miscellaneous
MAWANASUG,sugar
MFSL,financeinvestments
MAXHEALTH,hospitalhealthcareservices
MAXIND,financeinvestment
MAXINDIA,miscellaneous
MAXVIL,maxventuresan
540401,miscellaneous
MAYURUNIQ,plastics
MAZDOCK,shipbuilding
MAZDA,engineering
MBLINFRA,mblinfra
MCDHOLDING,financeinvestments
MCLEODRUSS,plantationsteacoffee
MBECL,engineering
MCX,miscellaneous
MEDICAPS,pharmaceuticals
MMWL,mediaentertainment
MEDICAMEQ,pharmaceuticals
MEDICO,diversified
MEDPLUS,fooddrugretailing
MEGAFLEX,plasticproductsothers
MEGASOFT,megasoft
MEGA-RE,megasoftre
MEGASTAR,foodprocessing
MFL,specialitychemicals
MOL,pesticidesagrochemicals
MELSTAR,computerssoftwaremediumsmall
MENONBE,bearings
MEP,infrastructuregeneral
MERCATOR,shipping
MESCOPHARM,pharmaceuticals
METALFORGE,castingsforgings
METKORE,steelmediumsmall
METROBRAND,footwear
GLOBABOARD,paper
METROPOLIS,hospitalsmedicalservices
MICEL,telecommunicationsequipment
MICROTECH,computerssoftwaremediumsmall
MIDINDIA,textilesspinningcottonblended
MID150BEES,mid150bees
MIDEASTSTL,steelpigiron
MILTON,diversified
MINDA-RE,autoancillaries
MINDACORP,autoancillaries
MINDPOOL,mindpooltechno
MINDSPACE,mindspacereit
MINDTECK,computerssoftware
MINDTREE,computerssoftware
MAFANG,etf
MIRCELECTR,consumergoodselectronic
MIRZAINT,leatherproducts
MIDHANI,miscellaneous
MITCON,powergenerationdistribution
MITTAL,miscellaneous
MMFL,castingsforgings
MMP,miscellaneous
MMTC,trading
MOM100,mom100etf
MOM50,mom50etf
MON100,monas100etf
MODINSULAT,electricequipment
MODIRUBBER,tyres
MODIPON,textilesmanmade
MODISONLTD,modison
MHHL,diversified
MOHITIND,textilesprocessing
MOHOTAIND,textilescompositemills
MOIL,miningminerals
MOKSH,miscellaneous
MOLDTECH,moldtektech
MOLDTKPAC,plastics
MOLDTEKPP,plasticproducts
MOLDTEK-RE,plasticproducts
MOMOMENTUM,etf
MONARCH,financeinvestments
MONQ50,etf
MONSANTO,pesticidesagrochemicals
MONTECARLO,textilesreadymadeapparels
MORARJEE,textilesspinningcottonblended
MOREPENLAB,pharmaceuticals
MOSERBAER,computershardware
MGOLD,mostgoldetf
MOTHERSON,motherson
MSUMI,autoancillaries
MOTILALOFS,financegeneral
MOTOGENFIN,financeleasinghirepurchase
MOVALUE,etf
MPHASIS,computerssoftware
MATHPLATT,financeinvestments
MPSLTD,printingstationery
MRF,tyres
MRO-TEK,computershardware
MRPL,refineries
MSPL,steelspongeiron
MSTCLTD,miscellaneous
MTEDUCARE,computerssoftwaretraining
MTARTECH,aerospacedefence
MTNL,telecommunicationsservice
MUKANDLTD,steelmediumsmall
MUKATPIPE,mukatpipes
MUKTAARTS,mediaentertainment
MUKANDENGG,constructioncontractingcivil
MUNJALAU,autoancillaries
MUNJALSHOW,autoancillaries
MURLIIND,edibleoilssolventextraction
MURUDCERA,ceramicsgranite
RADIOCITY,mediaentertainment
MUTHOOTCAP,financeinvestments
MUTHOOTFIN,financeinvestments
MVL,constructioncontractingrealestate
MYSORPETRO,chemicals
NACLIND,pesticidesagrochemicals
NDGL,plantationsteacoffee
NAGAFERT,fertilisers
NAGAROIL,refineries
NAGREEKCAP,financeinvestments
NAGREEKEXP,textilesspinningcottonblended
NAHARCAP,financeinvestments
NAHARINDUS,textilescompositemills
NAHARPOLY,textilesspinningcottonblended
NAHARSPING,textileshosieryknitwear
NAKODA,textilesprocessing
NGIL,foodprocessing
NATIONALUM,aluminium
NSIL,financegeneral
NDL,textilesdenim
JAIPURKURT,textilesreadymadeapparels
NH,hospitalsmedicalservices
NARMADA,foodprocessing
SHAWGELTIN,chemicals
NATCOPHARM,pharmaceuticals
NATHBIOGEN,pharmaceuticals
NATHPULP,paper
NOL,chemicals
NATPEROXID,chemicals
NATNLSTEEL,steelgpgcsheets
NAVA,diversified
NAVINFLUOR,chemicals
NAVKARCORP,transportlogistics
NAVNETEDUL,printingstationery
NAZARA,software
NBCC,infrastructuregeneral
NBIFIN,financegeneral
NCC,constructioncontractingcivil
NCLIND,cementmini
NDRAUTO,ndrautocompon
NDTV,mediaentertainment
NECLIFE,pharmaceuticals
NEHAINT,miscellaneous
NITESHEST,constructioncontractingrealestate
NELCAST,castingsforgings
NELCO,telecommunicationsequipment
NEOCORP,packaging
NEOGEN,chemicals
NEPCMICON,engineering
NESCO,diversified
NESTLEIND,foodprocessing
NET4,computerssoftwaremediumsmall
NETF,miscellaneous
NETVISTAIT,computerssoftwaremediumsmall
NETWORK18,mediaentertainment
NPST,software
NTL,powertransmissionequipment
NEULANDLAB,pharmaceuticals
NIACL,miscellaneous
NEWGEN,computerssoftware
NEXTMEDIA,mediaentertainment
NFL,fertilisers
NGIL-RE,miscellaneous
NGLFINE,pharmaceuticals
NHPC,powergenerationdistribution
NICCO,cablespowerothers
NIDAN,hospitalhealthcareservices
NIF100BEES,nif100bees
NIFTYBEES,niftybees
NIITLTD,computerssoftwaretraining
NILAINFRA,nilainfra
NILASPACES,nilaspaces
NILKAMAL,plastics
NAM-INDIA,miscellaneous
GOLDBEES,nipponetfgold
HNGSNGBEES,nipponetfha
PSUBNKBEES,nipponpsubank
NIRAJ,cement
NIRLON,miscellaneous
NCOPPER,metalsnonferrous
NITCO,ceramicsgranite
NITINFIRE,miscellaneous
NITINSPIN,textilesspinningcottonblended
NITIRAJ,engineering
KERALACHEM,chemicals
NIVINFRA,electricals
NKIND,edibleoilssolventextraction
NLCINDIA,powergenerationdistribution
NMDC,miningminerals
NOCIL,petrochemicals
NOESISIND,consumergoodselectronic
NOIDATOLL,constructioncontractingcivil
NORBTEAEXP,plantationsteacoffee
NECCLTD,transportlogistics
NOVARTIND,pharmaceuticals
NOVOPANIND,miscellaneous
NPBET,miscellaneous
NRAIL,paper
NRBBEARING,bearings
NIBL,bearings
NRC,textilesmanmade
NTPC,powergenerationdistribution
NUTEK,telecommunicationsservice
NUCLEUS,computerssoftwaremediumsmall
NRL,miscellaneous
NURECA,medicalequipmentsuppliesaccessories
NUVOCO,cement
NV20BEES,nv20bees
NXTDIGITAL,mediaentertainment
NXTDIG-RE,media
OBEROIRLTY,constructioncontractingrealestate
OISL,steelmediumsmall
DALMIABHA,cementmajor
OILCOUNTUB,steeltubespipes
OIL,oildrillingandexploration
OLECTRA,telecommunicationsservice
OMINFRAL,engineering
OMAXAUTO,autoancillaries
OMAXE,constructioncontractingrealestate
OMFURN,miscellaneous
OMKARCHEM,chemicals
OMNITECH,computerssoftwaremediumsmall
PAYTM,onlineservices
ONEPOINT,miscellaneous
ONELIFECAP,financeinvestments
ONGC,oildrillingandexploration
ONMOBILE,telecommunicationsservice
ONWARDTEC,computerssoftwaremediumsmall
OPTIEMUS,optiemusinfra
OPTOCIRCUI,hospitalsmedicalservices
OFSS,computerssoftware
ORBITCORP,constructioncontractingrealestate
ORBTEXP,textilesweaving
ORCHPHARMA,pharmaceuticals
ORICONENT,packaging
ORIENTABRA,abrasives
ORIENTBELL,ceramicsgranite
ORIENTCEM,cementmajor
ORIENTELEC,consumergoodselectronic
GREENPOWER,powergenerationdistribution
ORIENTPPR,orientpaper
ORIENTLTD,printingstationery
OAL,chemicals
ORIENTBANK,bankspublicsector
OCCL,chemicals
ORIENTHOT,hotels
ORIENTALTL,ceramicsgranite
OBCL,transportlogistics
ORISSAMINE,miningminerals
ORTEL,mediaentertainment
ORTINLAB,pharmaceuticals
OSIAHYPER,osiahyperreta
OSWALAGRO,financeinvestments
BINDALAGRO,fertilisers
OSWALSPG,textilesspinningcottonblended
OUDHSUG,sugar
PGHH,personalcare
PROPEQUITY,itservicesconsulting
PACIFICIND,ceramicsgranite
PADMALAYAT,mediaentertainment
PAEL,autoancillaries
PAGEIND,textilesreadymadeapparels
PAISALO,financeinvestments
PALCREDIT,financeleasinghirepurchase
PALASHSECU,financegeneral
PALREDTEC,computerssoftwaremediumsmall
SRGINFOTEC,computerssoftwaremediumsmall
PANACEABIO,pharmaceuticals
PANACHE,miscellaneous
PANAMAPET,chemicals
PANASONIC,domesticappliances
LAKHNNATNL,drycells
PANCARBON,electrodesgraphite
PANCHMSTEL,steelmediumsmall
PANCHSHEEL,pharmaceuticals
PANORAMUNI,computerssoftwaremediumsmall
PANSARI,miscellaneous
PANYAMCEM,cementmajor
PAR,pardrugs
PARABDRUGS,pharmaceuticals
PARADEEP,fertilizers
PARAGMILK,foodprocessing
PARACABLES,cablestelephone
PARAPRINT,packaging
PARAS,defence
PARASPETRO,textilesmanmade
PARAL,packaging
PDPL,pharmaceuticals
PARIN,parinfurniture
PARRYSUGAR,sugar
PARSVNATH,constructioncontractingrealestate
PARTYCRUS,miscellaneous
00000,parvatisweet
PASHUPATI,diversified
PASUPTAC,textilesmanmade
PASUPATSPG,textilesspinningsyntheticblended
PATANJALI,patanjalifoods
PATELENG,constructioncontractingcivil
PATINT-RE,courierservices
PATINTLOG,patelintegrate
PATINTPP,courierservices
PATSPINLTD,textilesspinningcottonblended
PAVNAIND,autoancillaries
POLICYBZR,multilineinsurancebrokers
PBAINFRA,constructioncontractingcivil
PCJEWELLER,diamondcuttingjewellerypreciousmetals
PCBL,pcbl
PDSL,textilesgeneral
PGIL,textilesreadymadeapparels
PEARLPOLY,plastics
PENINLAND,constructioncontractinghousing
PENNARALUM,aluminium
PENPEBS,miscellaneous
PENIND,steelcrhrstrips
PENTAGOLD,miscellaneous
PENTSFWARE,mediaentertainment
PERFECT,constructioncontractingcivil
PKTEA,plantationsteacoffee
PERMAGNET,engineering
PERSISTENT,computerssoftware
PETRONENGG,engineering
PETRONET,oildrillingandexploration
PFIZER,pharmaceuticals
PGEL,consumergoodselectronic
PHANTOMFX,miscellaneous
PHARMABEES,pharmabees
PHOENXINTL,leatherproducts
PHOENIXLL,autoancillaries
PHOENIXLTD,constructioncontractingrealestate
PIIND,pesticidesagrochemicals
PICCADSUG,sugar
PIDILITIND,chemicals
PILITA,plastics
PILANIINVS,financegeneral
PINCON,breweriesdistilleries
PIONEEREMB,textileshosieryknitwear
PIONDIST,breweriesdistilleries
PEL,pharmaceuticals
PIRGLASS,glassglassproducts
PPLPHARMA,pharmaceuticalsdrugs
PIRPHYTO,pharmaceuticals
PITTIENG,engineering
PIXTRANS,rubber
PLASTIBLEN,plastics
PLETHICO,pharmaceuticals
PNB,bankspublicsector
PNBGILTS,financeinvestments
PNBHOUSING,financehousing
PNCINFRA,constructioncontractingrealestate
PNEUMATIC,financeinvestments
POCHIRAJU,miscellaneous
PODDARHOUS,poddarhousing
PODDARMENT,dyespigments
POKARNA,ceramicsgranite
POLARIS,computerssoftware
POLYMED,hospitalsmedicalservices
POLYCAB,cablespowerothers
POLYCHEM,petrochemicals
POLYPLEX,packaging
PONDYOXIDE,chemicals
PONNIERODE,sugar
POONAWALLA,poonawallafin
PIGL,electricequipment
PFC,financetermlendinginstitutions
POWERGRID,powergenerationdistribution
POWERMECH,infrastructuregeneral
PGINVIT,miscellaneous
PPAP,autoancillaries
PPL,miscellaneous
PRABHAT,foodprocessing
ELECTROSL,steelmediumsmall
PRADIP,textilesweaving
PRAGBOSIMI,textilesmanmade
PRAJIND,engineeringheavy
PRAENG,constructioncontractinghousing
PRAKASH,diversified
PRAKASHSTL,steeltubespipes
DIAMONDYD,foodprocessing
PRATIBHA,constructioncontractingcivil
PRAXIS,retail
PRAXIS-RE,retailing
PRECAM,autoancillaries
PRECISION,trading
PRECWIRE,metalsnonferrous
PRECOT,precot
PRIMESECU,engineering
PREMEXPLN,chemicals
PREMIERPOL,plastics
PRESSMN,pressmanadvt
PRESTIGE,constructioncontractingrealestate
PRICOLLTD,autoancillaries
PRICOL-RE,autoancillaries
PFOCUS,mediaentertainment
PRIMESECU,financeinvestments
PRINCEPIPE,plasticstubespipeshosesfittings
PRSMJOHNSN,cementmajor
PRITHVISOF,computerssoftwaretraining
PRITHVI,computerssoftwaremediumsmall
PRITI,diversified
PRITIKAUTO,miscellaneous
PNC,mediaentertainment
PRIVISCL,chemicals
PRIYADYES,trading
PSMSPGMILL,textilesspinningsyntheticblended
PGHL,pharmaceuticals
PROLIFE,miscellaneous
PROVOGE,retail
PROZONINTU,constructioncontractingrealestate
PRUDENT,financeinvestment
PSL,steeltubespipes
PSPPROJECT,constructioncontractingrealestate
PTC,trading
PFS,financetermlendinginstitutions
PTL,tyres
3PLAND,paper
PDMJEPAPER,paper
PULZ,miscellaneous
PUNALKALI,chemicals
PUNJCOMMU,telecommunicationsequipment
PUNJLLOYD,infrastructuregeneral
PUNJABWOOL,textileswoollenworsted
PSB,bankspublicsector
PUNJABCHEM,chemicals
PURVA,constructioncontractingrealestate
PVP,constructioncontractingrealestate
PVR,mediaentertainment
QMSMEDI,medicalequipmentsuppliesaccessories
QNIFTY,qnifty
QUADPRO,itservicesconsulting
QGOLDHALF,quantumgold
QUESS,engineering
QUICKHEAL,computerssoftware
QUINTEGRA,computerssoftwaremediumsmall
RELBANK,financeinvestments
RELGOLD,retfgold
RELNIFTY,retfniftyb
RMDRIP,diversified
RSYSTEMS,computerssoftwaremediumsmall
RILINFRA,infrastructure
RADAAN,mediaentertainment
RMCL,packaging
RADHIKAJWE,diamondcuttingjewellerypreciousmetals
RADICO,breweriesdistilleries
RVNL,miscellaneous
RAILTEL,telecommunicationsservices
RAIN,cementmajor
RAINBOW,hospitalhealthcareservices
RAINBOWPAP,paper
ROML,edibleoilssolventextraction
RAJRILTD,textilesprocessing
RAJTV,mediaentertainment
RAJPALAYAM,textilesspinningcottonblended
RAJASPETRO,textilesmanmade
ARENTERP,ceramicsgranite
RAJESHEXPO,diamondcuttingjewellerypreciousmetals
RAJMET,rajnandinimeta
RAJRATAN,autoancillaries
RPPL,rajshreepolypa
RAJSREESUG,sugar
RAJVIR,textilesspinningsyntheticblended
RALLIS,pesticidesagrochemicals
RAMRAT,metalsnonferrous
RAMAPETRO,petrochemicals
RAMAPHO,fertilisers
RAMASTEEL,steelmediumsmall
RAMAVISION,electricals
RAMCOCEM,cementmajor
RAMCOSYS,computerssoftware
RAMCOIND,cementproductsbuildingmaterials
RAMGOPOLY,textilesprocessing
RKFORGE,castingsforgings
RAMKY,constructioncontractingcivil
RAMSARUP,steelmediumsmall
RANASUG,sugar
RANBAXY,pharmaceuticals
RBL,autoancillaries
RANEENGINE,autoancillaries
RANEHOLDIN,autoancillaries
RML,autoancillaries
RANKLIN,computerssoftwaremediumsmall
RCF,fertilisers
RASOYPR,edibleoilssolventextraction
RATEGAIN,software
RATNAMANI,steeltubespipes
RTNPOWER,powergenerationdistribution
RTNINDIA,rattanindiaent
RAVALSUGAR,foodprocessing
RKDL,breweriesdistilleries
RVHL,constructionrealestate
RAYMOND,textileswoollenworsted
RBLBANK,banksprivatesector
RECLTD,financetermlendinginstitutions
REDINGTON,computershardware
REFEX,chemicals
REGENCERAM,ceramicsgranite
REIAGROLTD,foodprocessing
REISIXTEN,retail
RELCAPITAL,financeinvestments
RIIL,infrastructuregeneral
RELAXO,leatherproducts
RELIABLE,diversified
RELIANCE,refineries
RBN,mediaentertainment
RELCHEMQ,textilesspinningsyntheticblended
RCOM,telecommunicationsservice
RHFL,financehousing
RELINFRA,powergenerationdistribution
RELMEDIA,mediaentertainment
RNAVAL,shipping
RPOWER,powergenerationdistribution
RELIGARE,financeinvestments
REMSONSIND,autoancillaries
RGL,diamondcuttingjewellerypreciousmetals
REPCOHOME,financehousing
REPRO,printingstationery
RESPONIND,constructioncontractingcivil
RBA,restaurantbran
RMMIL,miningminerals
REVATHI,compressors
REXPIPES,cables
RHIM,cementproductsbuildingmaterials
ALBRMORARJ,chemicals
RICHA,software
RICOAUTO,autoancillaries
RELIANCEP1,diversified
RIS,financegeneral
RISHIPACK,packaging
RITCO,transportlogistics
RITEZONE,miscellaneous
RITES,diversified
RKEC,constructioninfrastructure
ROHITFERRO,miningminerals
ROLEXRINGS,metalscastingsforgings
ROLLT,packaging
ROLTA,computerssoftware
ROSSARI,specialitychemicals
ROSSELLIND,plantationsteacoffee
ROTO,pumps
ROUTE,itservicesconsulting
ROYALCUSHN,plastics
ROHLTD,hotels
RPGLIFE,pharmaceuticals
RPPINFRPP,constructioninfrastructure
RPPINFRA,constructioncontractingcivil
RPP-RE,otherconstructionmaterials
RPSGVENT,miscellaneous
RSSOFTWARE,computerssoftwaremediumsmall
RSWM,textilesspinningsyntheticblended
RUBFILINTL,rubber
RUBYMILLS,textilescompositemills
RUCHINFRA,edibleoilssolventextraction
RUCHIRA,paper
REPL,infrastructure
RUPA,textileshosieryknitwear
RUSHIL-RE,miscellaneous
RUSHIL,rushildecor
RUSHILPP,miscellaneous
RUSTOMJEE,miscellaneous
SCHAND,printingstationery
SEPOWER,powergenerationdistribution
SHK,chemicals
SKUMARSYNF,textilessyntheticsilk
SPAL,textilesgeneral
SSINFRA,miscellaneous
SABEVENTS,mediaentertainment
SABAR,packagingpackagingmaterials
SABERORGAN,pesticidesagrochemicals
SADBHAV,infrastructuregeneral
SADBHIN,infrastructuregeneral
SAFARI,safariind
SAGCEM,cementmini
SAGARDEEP,metalsnonferrous
SAIL,steellarge
SAKAR,pharmaceuticalsdrugs
SAKSOFT,computerssoftware
SAKTHIFIN,financeleasinghirepurchase
SAKHTISUG,sugar
SALSTEEL,steelmediumsmall
SECL,otherconstructionmaterials
SALASAR,engineering
SALONA,textilesspinningcottonblended
SALORAINTL,consumergoodselectronic
SALZERELEC,electricequipment
SAMINDUS,edibleoilssolventextraction
SAMBANDAM,textilesspinningcottonblended
SAMBHAAV,printingstationery
SAMTELTD,electricals
SAMTEL,electricals
BAKELHYLAM,miscellaneous
SANCO,plastics
SANDESH,sandesh
SANDHAR,autoancillaries
S&SPOWER,electricequipment
SANGAMIND,textilesspinningsyntheticblended
SANGHIIND,cementproductsbuildingmaterials
SANGHVIFOR,castingsforgings
SANGHVIMOV,engineeringheavy
SANGINITA,chemicals
SANOFI,pharmaceuticals
SANSERA,autoancillariesothers
SANWARIA,personalcare
SAPPHIRE,hotelresortrestaurants
SARDAEN,steelspongeiron
SAREGAMA,mediaentertainment
SARLAPOLY,textilesprocessing
SARTHAKIND,sarthakind
SMLT,miningminerals
SARVESHWAR,foodprocessing
SASKEN,computerssoftware
SASTASUNDR,financegeneral
SATIA,paper
SATINPP1,satincredipp1
SATIN,satincredit
SATINPP,satincreditcar
SATHAISPAT,steelpigiron
SAURASHCEM,cementmajor
SAVERA,hotels
SOTL,petrochemicals
SAYAJIHOTL,hotels
SB&TINTL,diamondcuttingjewellerypreciousmetals
SBC,diversified
SBIN,bankspublicsector
SBICARD,sbicard
SETF10GILT,financeinvestments
SETFNIFBK,sbietfbanking
SBIETFIT,etf
SETFNN50,sbietfjunior
SBIETFPB,sbietfpvtban
SETFGOLD,sbigoldetf
SBILIFE,sbilifeinsura
SETFNIF50,sbietfnifty
SBIETFQLTY,miscellaneous
SCHAEFFLER,bearings
SCHNEIDER,powergenerationdistribution
SDBL-RE,diamondjewellery
SDL24BEES,sdl24bees
SDL26BEES,sdl26bees
SEAMECLTD,shipping
SECURCRED,diversified
SECURKLOUD,computerssoftware
SEJAL,glassglassproducts
SAKUMA,miscellaneous
SELMC,textilesgeneral
SELAN,oildrillingandexploration
SENSEXBEES,sensexbees
SEPC,sepc
SEQUENT,pharmaceuticals
SERVALL,paper
SERVOTECH,electricals
SESHAPAPER,paper
SETCO,autoancillaries
SETUINFRA,constructioncontractingcivil
SEYAIND,chemicals
SGB202108,financeinvestment
SGB212205,financeinvestment
SGBAPR28I,sgbapr28i
SGBAUG24,financeinvestments
SGBAUG27,sgbaug27
SGBAUG28V,sgbaug28v
SGBAUG29V,sgbaug29v
SGBDC27VII,sgbdc27vii
SGBDEC25,sgbdec25
SGBDEC2512,sgbdec2512
SGBDEC2513,sgbdec2513
SGBDEC25XI,sgbdec25xi
SGBDEC26,sgbdec26
SGBD29VIII,financeinvestment
SGBFEB24,financeinvestments
SGBFEB27,sgbfeb27
SGBFEB28IX,sgbfeb28ix
SGBFEB29XI,sgbfeb29xi
SGBJ28VIII,sgbj28viii
SGBJAN26,sgbjan26
SGBJAN27,sgbjan27
SGBJAN29IX,sgbjan29ix
SGBJAN29X,sgbjan29x
SGBJAN30IX,financeinvestment
SGBJU29III,sgbju29iii
SGBJUL25,financeinvestments
SGBJUL27,sgbjul27
SGBJUL28IV,sgbjul28iv
SGBJUL29IV,sgbjul29iv
SGBJUN27,sgbjun27
SGBJUN28,sgbjun28
SGBJUN29II,financeinvestment
SGBJUN30,financeinvestment
SGBMAR24,financeinvestments
SGBMAR25,financegeneral
SGBMAR28X,sgbmar28x
SGBMAR30X,sgbmar30x
SGBMAY25,financeinvestments
SGBMAY26,sgbmay26
SGBMAY28,sgbmay28
SGBMAY29I,financeinvestment
SGBMR29XII,sgbmr29xii
SGBN28VIII,sgbn28viii
SGBNOV23,financeinvestments
SGBNOV24,financeinvestments
SGBNOV25,sgbnov25
SGBNOV258,sgbnov258
SGBNOV25IX,sgbnov25ix
SGBNOV25VI,sgbnov25vi
SGBNOV26,sgbnov26
SGBNV29VII,financeinvestment
SGBOC28VII,sgboc28vii
SGBOCT25,sgboct25
SGBOCT25IV,financeinvestments
SGBOCT25V,sgboct25v
SGBOCT26,sgboct26
SGBOCT27,sgboct27
SGBOCT27VI,sgboct27vi
SGBSEP24,financeinvestments
SGBSEP27,sgbsep27
SGBSEP28VI,sgbsep28vi
SGBSEP29VI,sgbsep29vi
SHAHALLOYS,steelmediumsmall
SHAILY,trading
SHAIVAL,constructioncontractingcivil
SHAKTIPUMP,pumps
SHALBY,hospitalsmedicalservices
SHALPAINTS,paintsvarnishes
SHANKARA,miscellaneous
SHANTIGEAR,autoancillaries
SHANTI,miscellaneous
SHARTSEFOD,aquaculture
SHARDACROP,pesticidesagrochemicals
SHARDAMOTR,autoancillaries
SHRIYAMSEC,financeinvestments
SHAREINDIA,diversified
SHARIABEES,shariabees
SHARONBIO,pharmaceuticals
KALYANISHP,consumergoodselectronic
SHASUNPHAR,pharmaceuticals
SFL,miscellaneous
SCPL,foodprocessing
SPYL,textilesmanmade
SHEMAROO,mediaentertainment
SHETRON,packaging
SHIGAN,autoancillaries
SHILPAMED,pharmaceuticals
SHILPI,cablestelephone
SCI,shipping
SHIRPUR-G,miningminerals
SHIVAUM,ironsteel
SHIVAMILLS,textilesgeneral
SHIVATEX,textilesspinningcottonblended
SBCL,steelmediumsmall
SHIVALIK,shivalikrasa
SHIVAMAUTO,autoancillaries
SHIVAM-RE,autoancillaries
SHOPER-RE,retailing
SHOPERSTOP,retail
SHRADHA,constructioncontractingrealestate
SHREECEM,cementmajor
SHREDIGCEM,cementmajor
SGJHL,diamondcuttingjewellerypreciousmetals
SHPRE,steelgpgcsheets
SHREEPUSHK,chemicals
SHRERAJSYN,textilesspinningsyntheticblended
SRPL,diversified
RAMANEWS,paper
RENUKA,sugar
TIRUPATI,diversified
SVLL,transportlogistics
OSWALSEEDS,pesticidesagrochemicals
SHRENIK,miscellaneous
SHRENUJ,diamondcuttingjewellerypreciousmetals
SHREYANIND,paper
SHREYAS,shipping
ASTERSILI,chemicals
SHRIDINESH,textileswoollenworsted
SHLAKSHMI,textilesprocessing
SRIRAM,consumergoodselectronic
SHREERAMA,packaging
SHRIRAMCIT,financeleasinghirepurchase
SHRIPISTON,autoancillaries
SHRIRAMPPS,constructionresidentialcommercialcomplexes
SRTRANS-RE,financeleasinghirepurchase
SRTRANSFIN,financeleasinghirepurchase
PEERABASAN,constructioncontractingrealestate
SHUBHLAXMI,shubhlaxmi
SHUKRADIAM,diamondcuttingjewellerypreciousmetals
SHYAMCENT,miningminerals
SHYAMMETL,ironsteel
SHYAMTEL,telecommunicationsequipment
SICAGEN,trading
SICAL,transportlogistics
SIDDHATUBE,steeltubespipes
SIDDHIKA,miscellaneous
SIEMENS,infrastructuregeneral
SIGACHI,pharmaceuticalsdrugs
SIGMA,itservicesconsulting
SIGIND,financeinvestments
SIKKO,miscellaneous
SILINV,financeinvestments
SILGO,silgoretail
PRASGLOFIN,computerssoftwaremediumsmall
SILLYMONKS,mediaentertainment
SILVERTUC,computerssoftware
SILVERBEES,silverbees
SIMBHALS,sugar
SIMPLEXCAS,castingsforgings
SIMPLEXINF,constructioncontractingcivil
SIMPLEX,constructioncontractingcivil
SINGER,trading
SINTERCOM,castingsforgings
SINTEX,diversified
SPTL,plastics
SIRCA,paintsvarnishes
SIRPAPER,paper
SIS,miscellaneous
SITASHREE,foodprocessing
SITINET,mediaentertainment
SIYSIL,textilesweaving
ABJJ20U,miscellaneous
SJS,sjsenterprises
SJVN,powergenerationdistribution
SKFINDIA,bearings
SKIL,infrastructuregeneral
SKIPPER,engineering
SKMEGGPROD,foodprocessing
SKP,diversified
SKSTEXTILE,textilesgeneral
SMARTLINK,computershardware
SMCGLOBAL,financeinvestment
SMLISUZU,autolcvshcvs
SMSLIFE,miscellaneous
SMSPHARMA,pharmaceuticals
SMVD,containerspackaging
SNOWMAN,transportlogistics
SNXT50BEES,snxt50bees
SOBHA,constructioncontractingrealestate
SOFTTECH,computerssoftware
SOFTTECHGR,computerssoftwaretraining
SOLARINDS,chemicals
SOLARA,pharmaceuticals
SOLEX,miscellaneous
SOMDUTTFIN,financeleasinghirepurchase
SDBL,breweriesdistilleries
SOMATEX,textilescompositemills
SOMANYCERA,ceramicsgranite
SOMICONVEY,rubber
SONACOMS,autoancillariescastingsforgings
SONAHISONA,gold
SONAMCLOCK,miscellaneous
SONATSOFTW,computerssoftwaremediumsmall
SONUINFRA,constructionresidentialcommercialcomplexes
SORILINFRA,textilesreadymadeapparels
SIPAPER,paper
SOUTHBANK,banksprivatesector
SOUTHWEST,diversified
SOUISPAT,steelrolling
SPRL,refractories
SPCENET,spacenetent
SPANCO,computerssoftwaremediumsmall
SPANDANA,spandanasphoor
SPECIALITY,hotels
SPECTACLE,financeinvestments
SPECTRUM,spectrumelectr
SPICELEC,computershardware
SPENCERS,miscellaneous
SPENCER-RE,miscellaneous
SPENTEX,textilesspinningcottonblended
ADROITINFO,computerssoftware
SPIC,fertilisers
SPICEJET,transportlogistics
SPLIL,textilesreadymadeapparels
SMPL,steelrolling
SPMLINFRA,constructioncontractingcivil
SPORTKING,textilesspinningsyntheticblended
SRHHYPOLTD,chemicals
SREEL,leatherproducts
SREINFRA,financeleasinghirepurchase
SRF,diversified
SABTN,mediaentertainment
HAVISHA,miscellaneous
SRIPIPES,steelpigiron
SRSLTD,diamondcuttingjewellerypreciousmetals
SCAPDVR,financeinvestment
STAMPEDE,financeinvestments
STAN,banksprivatesector
STANDRDBAT,autoancillaries
SIL,chemicals
STARCEMENT,cementmajor
STARHEALTH,diversified
STARPAPER,paper
ABGHEAVY,transportlogistics
STARTECK,financeinvestments
SBBJ,bankspublicsector
MYSOREBANK,bankspublicsector
SBT,bankspublicsector
STCINDIA,trading
STEELCITY,miscellaneous
STEELXIND,steellarge
SSWL,autoancillaries
STEELCAS,castingsforgings
STEELCOGUJ,steelcrhrstrips
STEL,financeinvestments
STERLINBIO,pharmaceuticals
STERLINHOL,hotels
STERTOOLS,fasteners
SWSOLAR,sterlingwilson
STLTECH,cablestelephone
STINDIA,textilesspinningcottonblended
SGL,textilesgeneral
STOVEKRAFT,domesticappliances
STAR,pharmaceuticals
STYLAMIND,miscellaneous
SUASHDIMON,diamondcuttingjewellerypreciousmetals
SUBCAPCITY,financeinvestments
SUBEXLTD,subex
SUBROS,autoancillaries
SUDAR,textilesgeneral
SUDARSCHEM,dyespigments
SUJANAUNI,domesticappliances
SUKHJITS,miscellaneous
SUMEETINDS,textilesmanmade
SUMIT,sumitwoods
SUMICHEM,sumitomo
SUMMITSEC,financeinvestments
SUNPHARMA,pharmaceuticals
SPARC,pharmaceuticals
SUNTV,mediaentertainment
SUNDARMHLD,financegeneral
SUNDRMBRAK,autoancillaries
SUNDARMFIN,financeleasinghirepurchase
SFHL-RE,financeinvestment
SUNDARAM,printingstationery
SUNCLAYLTD,autoancillaries
SUNDRMFAST,fasteners
SUNFLAG,steelrolling
SUNILHITEC,powertransmissionequipment
SUNTECK,constructioncontractingrealestate
SUPER,textilesspinningcottonblended
SUPERSPIN,textilesspinningcottonblended
SUPERHOUSE,leatherproducts
SUPRAJIT,autoancillaries
SUPREMEENG,supremeenginee
SUPREMEIND,plastics
SUPREMEINF,constructioncontractingcivil
SPLPETRO,petrochemicals
SUPREMETEX,textilesspinningcottonblended
SUPRIYA,pharmaceuticalsdrugs
SURANACORP,trading
SURANAIND,steelrolling
SURANASOL,electricequipment
SURANAT&P,cablestelephone
SURANI,suranisteeltu
SURYAPHARM,pharmaceuticals
SURYAROSNI,steeltubespipes
SURYAJYOTI,textilesspinningcottonblended
SURYALAXMI,textilesspinningcottonblended
SURYVANSPG,textilesspinningcottonblended
SURYODAY,suryodaysmall
SUTLEJTEX,textilesgeneral
SUULD,miscellaneous
SUVEN,pharmaceuticals
SUVENPHAR,pharmaceuticalsdrugs
SUVIDHAA,financeothers
SUZLON,powergenerationdistribution
SUZLON-RE,powergenerationdistribution
SUZLONPP,powergenerationdistribution
ATVPETRO,petrochemicals
SVOGL,oildrillingandexploration
SVPGLOB,svpglobal
SWANENERGY,trading
SWARAJENG,engines
SWARAJ,textiles
SWASTIK,miscellaneous
SWELECTES,electricequipment
NETWORK,swissmilitary
SYMPHONY,consumergoodswhitegoods
SYNCOMF,pharmaceuticals
SYNCOM,pharmaceuticals
SYNDIBANK,bankspublicsector
SYNGENE,miscellaneous
SYRMA,miscellaneous
ANUP,miscellaneous
TAINWALCHM,plastics
TAJGVK,hotels
TAKE,pharmaceuticals
TALBROAUTO,autoancillaries
TALWALKARS,miscellaneous
TALWGYM,personalcare
TNPL,paper
TNTELE,cablestelephone
TNPETRO,detergents
TANEJAERO,miscellaneous
TANFACIND,chemicals
TANLA,computerssoftwaremediumsmall
TANTIACONS,constructioncontractingcivil
TAPIFRUIT,consumerfood
TARACHAND,miscellaneous
TARAJEWELS,diamondcuttingjewellerypreciousmetals
TARAPUR,powertransmissionequipment
TARC,tarc
TARMAT,constructioncontractingcivil
TARSONS,plasticproductsothers
TASTYBITE,foodprocessing
TATACHEM,chemicals
TATACOFFEE,plantationsteacoffee
TATACOMM,telecommunicationsservice
TATACONSUM,plantationsteacoffee
TATAELXSI,computerssoftware
TATAINVEST,financeinvestments
TATAMETALI,steelpigiron
TATAMOTORS,autolcvshcvs
TATAPOWER,powergenerationdistribution
TATASTEEL,tatasteel
TATASTLBSL,steelcrhrstrips
TATASTLLP,steelspongeiron
TATASTLPP,steellarge
TTML,telecommunicationsservice
TATIASKYLN,computerssoftwaremediumsmall
TATVA,specialitychemicals
TATAYODOGA,castingsforgings
TCIDEVELOP,constructioncontractingrealestate
TCIEXP,transportlogistics
TCIFINANCE,financeinvestments
TCNSBRANDS,textilesgeneral
TCPLPACK,printingstationery
TCS,computerssoftware
TDPOWERSYS,engineeringheavy
TEAMLEASE,miscellaneous
TECH,etf
TECHM,computerssoftware
TECHIN,miscellaneous
TECHNOE,technoelectric
TIIL,steelmediumsmall
TECHNOFAB,engineering
TECPRO,engineeringheavy
TEGA,engineeringindustrialequipments
TEJASNET,telecommunicationsequipment
TEMBO,temboglobal
TERASOFT,computerssoftwaremediumsmall
VULCANENG,engineering
TEXINFRA,infrastructuregeneral
TEXRAIL,infrastructuregeneral
TEXMOPIPES,plastics
TGBHOTELS,hotels
SREERAYALK,chemicals
THANGAMAYL,diamondcuttingjewellerypreciousmetals
BYKE,hotels
GROBTEA,plantationsteacoffee
HITECHGEAR,autoancillaries
THEINVEST,financegeneral
WIPL,miscellaneous
THEJO,engineering
THEMISMED,pharmaceuticals
THERMAX,infrastructuregeneral
THIRUSUGAR,sugar
TIRUMALCHM,chemicals
THOMASCOOK,miscellaneous
THOMASCOTT,textilessyntheticsilk
THYROCARE,hospitalsmedicalservices
TIDEWATER,lubricants
TIJARIA,plastics
TIL,engineering
TI,breweriesdistilleries
TIMBOR,miscellaneous
TIMETECHNO,packaging
TIMESGTY,financeleasinghirepurchase
TIMESCAN,logistics
TIMEXWATCH,miscellaneous
TIMKEN,bearings
TINPLATE,metalsnonferrous
TIPSINDLTD,mediaentertainment
TIRUPATIFL,diversified
TWL,infrastructuregeneral
TITAN,miscellaneous
TMB,tmb
TATAMTRDVR,autoancillaries
TMTINDIA,engineering
TNIDETF,etf
TODAYS,printingstationery
TOKYOPLAST,plastics
TORRENGUJ,powertransmissionequipment
TORNTPHARM,pharmaceuticals
TORNTPOWER,powergenerationdistribution
TOTAL,transportlogistics
TOUCHWOOD,mediaentertainment
TFCILTD,financetermlendinginstitutions
TPINDIA,packaging
TPLPLASTEH,plastics
TRACXN,miscellaneous
TRAIL-RE,infrastructure
TRANSFREIT,packaging
TRANSCHEM,pharmaceuticals
TRIL,powertransmissionequipment
TRANSPEK,chemicals
TCI,transportlogistics
TFL,financegeneral
TRANSWIND,infrastructuregeneral
TREEHOUSE,computerssoftwaretraining
TREJHARA,miscellaneous
TRENT,retail
TRF,engineeringheavy
TBZ,diamondcuttingjewellerypreciousmetals
TRICOM,computerssoftwaremediumsmall
TRIDENT,textilesspinningcottonblended
TRIGYN,computerssoftwaremediumsmall
INDOZINC,metalsnonferrous
TRIVENI,sugar
TRIVENSHET,glassglassproducts
TRITURBINE,electricequipment
TRU,trucapfinance
TTL,textileshosieryknitwear
TTKHLTCARE,pharmaceuticals
TTKPRESTIG,domesticappliances
TIINDIA,autoancillaries
TULIP,telecommunicationsservice
TULSI,plastics
TULSYAN,steelmediumsmall
TUTICORALK,chemicals
TVTODAY,mediaentertainment
TVVISION,mediaentertainment
TV18BRDCST,mediaentertainment
TVSELECT,computershardware
TVSMOTOR,auto23wheelers
TVSSRICHAK,tyres
TWILITAKA,pharmaceuticals
UBENGG,engineeringheavy
UBHOLDINGS,trading
UCALFUEL,autoancillaries
UCOBANK,bankspublicsector
JKUDYOG,cementmajor
UFLEX,packaging
UFO,mediaentertainment
UGARSUGAR,sugar
UGROCAP,financegeneral
UJJIVAN,financegeneral
UWCSL,ultrawiringco
ULTRMARINE,dyespigments
ULTRACEMCO,cementmajor
UMANGDAIRY,foodprocessing
UNICHEMLAB,pharmaceuticals
UNIINFO,telecommunicationsservice
UNIMIN,textilesgeneral
UNIONBANK,bankspublicsector
UNIENTER,trading
UNIPLY,miscellaneous
UNITEDBNK,bankspublicsector
UBL,breweriesdistilleries
UNIDT,uniteddrilling
UNITEDTEA,plantationsteacoffee
UNITEDPOLY,textilesreadymadeapparels
MCDOWELL-N,breweriesdistilleries
UNITY,constructioncontractingcivil
UNIVAFOODS,hotels
UNIVASTU,constructioncontractingcivil
UNIVCABLES,cablespowerothers
UNOMINDA,unominda
UPL,chemicals
UPERGANGES,sugar
USASEEDS,agriculture
URAVI,miscellaneous
URJA,powergenerationdistribution
URJA-RE,powergenerationdistribution
URJAPP,powergenerationdistribution
USHAMART,steelmediumsmall
UMESLTD,computerssoftwaremediumsmall
UCL,ushanticolour
USHDEVINT,trading
USHERAGRO,foodprocessing
GOLDSHARE,utigold
UTIAMC,financeinvestment
UTINIFTETF,utiniftyetf
UTIBANKETF,utibanketf
UTINEXT50,utinext50
UTINIFTETF,utiniftetf
APPLEIND,financeleasinghirepurchase
UTISENSETF,utisensetf
UTISXN50,miscellaneous
UTTAMSTL,steelgpgcsheets
UTTAMSUGAR,sugar
UVSL,steelcrhrstrips
VGUARD,electricequipment
VMARCIND,cables
VMART,retail
V2RETAIL,retail
WABAG,infrastructuregeneral
VADILALIND,foodprocessing
VSCL,chemicals
VAIBHAVGBL,retail
MADHAVBAUG,pharmaceuticalsdrugs
VAISHALI,pharmaceuticals
VAKRANGEE,computerssoftwaremediumsmall
VALECHAENG,constructioncontractingcivil
VALIANTORG,chemicals
VALUEIND,consumergoodswhitegoods
CLOUD,itservicesconsulting
VARDHACRLC,textilesmanmade
VHL,financeinvestments
VARDMNPOLY,textilesspinningcottonblended
VSSL,steelmediumsmall
VTL,textilesspinningcottonblended
VARROC,engineeringheavy
VBL,foodprocessing
VARUN,steelmediumsmall
VARUNSHIP,shipping
VASCONEQ,vasconengineer
VASWANI,steelspongeiron
VCL,vaxtex
VBDESAIFIN,financeleasinghirepurchase
VECOPP,chemicals
MANYAVAR,retailing
VEDL,miningminerals
VEEKAYEM,textilesapparel
NIYATILEAS,pharmaceuticals
VENKEYS,miscellaneous
VENLONPOLY,packaging
VENUSPIPES,ironsteel
VENUSREM,pharmaceuticals
VERA,textilesgeneral
VERANDA,educationalinstitutions
VERTOZ,vertozadvertis
VESUVIUS,cementproductsbuildingmaterials
VETO,electricequipment
VICEROY,hotels
VIDEOIND,consumergoodselectronic
VIDHIING,dyespigments
VIJSHAN,constructioncontractinghousing
VIJAYABANK,bankspublicsector
VIJAYA,hospitalhealthcareservices
VIJIFIN,financegeneral
VECO-RE1,chemicals
VECO-RE,chemicals
VIKASECO,chemicals
VIKASLIFE,miscellaneous
VLIFE-RE,miscellaneous
VIKASPROP,foodprocessing
VIKASWSP,chemicals
VIMALOIL,edibleoilssolventextraction
VIMTALABS,miscellaneous
VINATIORGA,chemicals
VINDHYATEL,cablestelephone
VINEETLAB,vineetlab
VINNY,vinnyoverseas
VINYLINDIA,chemicals
VIPCLOTHNG,textilesreadymadeapparels
VIPIND,vipindustries
VIPPYSOLVX,edibleoilssolventextraction
VIPULLTD,constructioncontractingrealestate
VISASTEEL,steellarge
VIVIDHA,textilesreadymadeapparels
VISAKAIND,cementproductsbuildingmaterials
VISESHINFO,computerssoftwaremediumsmall
VISHAL,textilesspinningcottonblended
VISHNU,chemicals
VISHWARAJ,sugar
VISUINTL,computerssoftwaremediumsmall
VITAL,miscellaneous
VIVIANA,engineering
VIVIMEDLAB,pharmaceuticals
VIVO,software
VKSPL,engineering
VLIFE-RE1,miscellaneous
VLSFINANCE,financeleasinghirepurchase
IDEA,telecommunicationsservice
PORRITSPEN,textilesgeneral
VOLTAMP,powertransmissionequipment
VOLTAS,diversified
VRLLOG,transportlogistics
VSTIND,cigarettes
VSTTILLERS,autotractors
VTMLTD,textileshosieryknitwear
VTXIND,textilesspinningcottonblended
VXLINSTR,computershardware
GFL,trading
WALCHANNAG,engineeringheavy
WALPAR,pharmaceuticalsdrugs
WANBURY,pharmaceuticals
WARRENTEA,plantationsteacoffee
WATERBASE,aquaculture
WEWIN,computerssoftwaremediumsmall
WEALTH,financeinvestments
WEBELSOLAR,electricequipment
WEIZMANIND,textilesprocessing
WELCORP,steeltubespipes
WELENTRP,miscellaneous
WELENT,constructioncontractingcivil
WELSPUNIND,textilesweaving
WELINV,financeinvestments
REMIMETAL,steeltubespipes
WENDT,abrasives
WSTCSTPAPR,paper
WESTLIFE,westlifefood
WHEELS,autoancillaries
WHIRLPOOL,consumergoodswhitegoods
WILLAMAGOR,financeinvestments
WIMPLAST,plastics
WINDLAS,biotechnologymedicalresearch
WINDMACHIN,engineeringheavy
WINPRO,winproind
WINSOMEDJ,diamondcuttingjewellerypreciousmetals
WINSOME,textilesspinningcottonblended
WIPRO,computerssoftware
WESTINDSEC,computerssoftwaremediumsmall
WOCKPHARMA,pharmaceuticals
WOCKH-RE,hospitalhealthcareservices
WFL,electronicgoods
WONDERLA,miscellaneous
WOOLWORTH,textileswoollenworsted
WORTH,packaging
WSI,electricequipment
WYETH,pharmaceuticals
XCHANGING,computerssoftwaremediumsmall
XELPMOC,computerssoftware
XLENERGY,telecommunicationsequipment
XPROINDIA,packaging
YAARI,yaaridigital
YESBANK,banksprivatesector
YUKEN,pumps
ZANDUREALT,constructioncontractingrealestate
ZEEL,mediaentertainment
ZEELEARN,computerssoftwaretraining
ZEEMEDIA,mediaentertainment
ZENTEC,zentech
ZENITHCOMP,computershardware
ZENITHINFO,computerssoftwaremediumsmall
ZENITHSTL,steeltubespipes
ZENITHEXPO,textilessyntheticsilk
ZENSARTECH,computerssoftware
ZFSTEERING,autoancillaries
ZFCVINDIA,zfcvindia
ZICOM,electricals
ZIMLAB,pharmaceuticals
ZODIACLOTH,textilesreadymadeapparels
ZODIAC,powergenerationdistribution
ZODJRDMKJ,diamondcuttingjewellerypreciousmetals
ZOMATO,onlineservices
ZOTA,pharmaceuticals
ZUARI,fertilisers
ZUARIIND,fertilisers
ZYDUSLIFE,zyduslife
ZYDUSWELL,vanaspatioils
ZYLOG,computerssoftwaremediumsmall
20MICRONS,miningminerals
21STCENMGM,financegeneral
3IINFOLTD,computerssoftware
3MINDIA,diversified
5PAISA,miscellaneous
63MOONS,computerssoftware
3PLAND,paper
SGBAUG27,sgbaug27
SGBDEC25,sgbdec25
SGBDEC2512,sgbdec2512
SGBDEC2513,sgbdec2513
SGBDEC25XI,sgbdec25xi
SGBDEC26,sgbdec26
SGBFEB27,sgbfeb27
SGBJAN26,sgbjan26
SGBJAN27,sgbjan27
SGBJUL27,sgbjul27
SGBJUN27,sgbjun27
SGBMAY26,sgbmay26
SGBNOV25,sgbnov25
SGBNOV258,sgbnov258
SGBNOV25IX,sgbnov25ix
SGBNOV25VI,sgbnov25vi
SGBNOV26,sgbnov26
SGBOCT25,sgboct25
SGBOCT25IV,financeinvestments
SGBOCT25V,sgboct25v
SGBOCT26,sgboct26
